id,geo
A/cattle/Texas/24-009108-005/2024,TX
A/cattle/Texas/24-009108-004/2024,TX
A/cattle/Texas/24-009108-003/2024,TX
A/cattle/Texas/24-009108-002/2024,TX
A/cattle/Texas/24-009108-001/2024,TX
A/cattle/Texas/24-009088-002/2024,TX
A/cattle/Texas/24-009088-001/2024,TX
A/cattle/Texas/24-009087-001/2024,TX
A/cattle/Texas/24-009029-001/2024,TX
A/cattle/Texas/24-009028-019/2024,TX
A/cattle/Texas/24-009028-009/2024,TX
A/cattle/Texas/24-009028-008/2024,TX
A/cattle/Texas/24-009028-007/2024,TX
A/cattle/Texas/24-009028-005/2024,TX
A/cattle/Texas/24-009028-003/2024,TX
A/cattle/Texas/24-009028-002/2024,TX
A/cattle/Texas/24-009028-001/2024,TX
A/cattle/Michigan/24-009027-010/2024,MI
A/cattle/Michigan/24-009027-005/2024,MI
A/cattle/Michigan/24-009027-004/2024,MI
A/cattle/Michigan/24-009027-003/2024,MI
SRR28752470,-
SRR28752472,-
SRR28752475,-
SRR28752476,-
A/cattle/New_Mexico/24-010193-003/2024,NM
A/cattle/New_Mexico/24-010192-006/2024,NM
A/cattle/Michigan/24-010071-010/2024,MI
A/cattle/Michigan/24-010071-009/2024,MI
A/cattle/Michigan/24-010071-008/2024,MI
A/cattle/Michigan/24-010071-007/2024,MI
A/cattle/Michigan/24-010071-006/2024,MI
A/cattle/Michigan/24-010071-005/2024,MI
A/cattle/Michigan/24-010071-003/2024,MI
A/cattle/Texas/24-008749-001/2024,TX
A/cattle/Michigan/24-010071-002/2024,MI
A/cattle/Michigan/24-010071-001/2024,MI
A/cattle/Texas/24-009776-015/2024,TX
A/cattle/Texas/24-009776-004/2024,TX
A/cattle/Texas/24-009776-002/2024,TX
A/cattle/Texas/24-009776-001/2024,TX
A/cattle/Texas/24-009775-001/2024,TX
A/cattle/Ohio/24-009586-010/2024,OH
A/cattle/Texas/24-008660-002/2024,TX
A/cattle/Ohio/24-009586-009/2024,OH
A/cattle/Ohio/24-009586-008/2024,OH
A/cattle/Ohio/24-009586-007/2024,OH
A/cattle/Ohio/24-009586-006/2024,OH
A/cattle/Ohio/24-009586-005/2024,OH
A/cattle/Ohio/24-009586-003/2024,OH
A/cattle/Ohio/24-009586-002/2024,OH
A/cattle/Ohio/24-009586-001/2024,OH
A/cattle/Texas/24-008660-001/2024,TX
A/cattle/Texas/24-009290-001/2024,TX
A/cattle/Texas/24-009110-027/2024,TX
A/cattle/Texas/24-009110-026/2024,TX
A/cattle/Texas/24-009110-025/2024,TX
A/cattle/Texas/24-009110-024/2024,TX
A/cattle/Texas/24-009110-023/2024,TX
A/cattle/Texas/24-009110-022/2024,TX
A/cattle/Texas/24-008749-008/2024,TX
A/cattle/Texas/24-008749-007/2024,TX
SRR28752527,-
A/cattle/Texas/24-010514-002/2024,TX
A/cattle/Texas/24-010513-007/2024,TX
A/cattle/Texas/24-010513-006/2024,TX
A/cattle/Texas/24-010513-004/2024,TX
A/cattle/Texas/24-010513-003/2024,TX
A/cattle/Texas/24-010513-002/2024,TX
A/cattle/New_Mexico/24-010512-001/2024,NM
A/cattle/South_Dakota/24-010354-020/2024,SD
A/cattle/Texas/24-008749-005/2024,TX
A/cattle/South_Dakota/24-010354-019-300/2024,SD
A/cattle/South_Dakota/24-010354-018-300/2024,SD
A/cattle/South_Dakota/24-010354-017-300/2024,SD
A/cattle/South_Dakota/24-010354-016-300/2024,SD
A/cattle/South_Dakota/24-010354-015-300/2024,SD
A/cattle/South_Dakota/24-010354-014-300/2024,SD
A/cattle/South_Dakota/24-010354-013-300/2024,SD
A/cattle/South_Dakota/24-010354-012/2024,SD
A/cattle/South_Dakota/24-010354-011/2024,SD
A/cattle/South_Dakota/24-010354-010-300/2024,SD
A/cattle/South_Dakota/24-010354-009-300/2024,SD
A/cattle/South_Dakota/24-010354-008/2024,SD
A/cattle/South_Dakota/24-010354-006-300/2024,SD
SRR28752554,-
A/cattle/Texas/24-009499-001/2024,TX
A/cattle/Kansas/24-009497-014/2024,KS
A/cattle/Kansas/24-009497-012/2024,KS
A/cattle/Kansas/24-009497-011/2024,KS
A/cattle/Kansas/24-009497-010/2024,KS
A/cattle/Kansas/24-009497-009/2024,KS
A/cattle/Kansas/24-009497-008/2024,KS
A/cattle/Kansas/24-009497-007/2024,KS
A/cattle/Kansas/24-009497-006/2024,KS
A/cattle/Kansas/24-009497-005/2024,KS
A/cattle/Kansas/24-009497-004/2024,KS
A/cattle/Kansas/24-009497-003/2024,KS
A/cattle/Texas/24-009495-012/2024,TX
A/cattle/Texas/24-009495-011/2024,TX
A/cattle/Texas/24-009495-010/2024,TX
A/cattle/Texas/24-009495-009/2024,TX
A/cattle/Texas/24-009495-008/2024,TX
A/cattle/Texas/24-009495-003/2024,TX
A/cattle/Texas/24-009495-002/2024,TX
A/cattle/Texas/24-009495-001/2024,TX
A/cattle/Idaho/24-009491-007/2024,ID
A/cattle/Idaho/24-009491-006/2024,ID
A/cattle/Idaho/24-009491-005/2024,ID
A/cattle/Idaho/24-009491-003/2024,ID
A/cattle/Idaho/24-009491-002/2024,ID
A/cattle/Idaho/24-009491-001/2024,ID
A/cattle/Texas/24-009367-023/2024,TX
A/cattle/Texas/24-009110-021/2024,TX
A/cattle/Texas/24-009110-020/2024,TX
A/cattle/Texas/24-009110-019/2024,TX
A/cattle/Texas/24-009110-018/2024,TX
A/cattle/Texas/24-009110-017/2024,TX
A/cattle/Texas/24-009110-016/2024,TX
A/cattle/Texas/24-009110-015/2024,TX
A/cattle/Texas/24-009110-014/2024,TX
A/cattle/Texas/24-009110-012/2024,TX
A/cattle/Texas/24-009110-011/2024,TX
A/cattle/Texas/24-009110-010/2024,TX
A/Cattle/Texas/24-009110-009-original/2024,TX
A/cattle/Texas/24-009110-008/2024,TX
A/cattle/Texas/24-009110-007/2024,TX
A/cattle/Texas/24-009110-006/2024,TX
A/cattle/Texas/24-009110-005/2024,TX
A/cattle/Texas/24-009110-004/2024,TX
A/cattle/Texas/24-009110-003/2024,TX
A/cattle/Texas/24-009110-002/2024,TX
A/cattle/Texas/24-009110-001/2024,TX
A/cattle/Texas/24-009109-008/2024,TX
A/cattle/Texas/24-009109-007/2024,TX
A/cattle/Texas/24-009109-006/2024,TX
A/cattle/Texas/24-009109-005/2024,TX
A/cattle/Texas/24-009109-004/2024,TX
A/cattle/Texas/24-009109-003/2024,TX
A/cattle/Texas/24-009109-002/2024,TX
A/cattle/Texas/24-009109-001/2024,TX
A/cattle/Texas/24-009108-007/2024,TX
A/cattle/Texas/24-009108-006/2024,TX
A/cattle/South_Dakota/24-010354-005/2024,SD
A/cattle/South_Dakota/24-010354-004-300/2024,SD
A/cattle/South_Dakota/24-010354-003/2024,SD
A/cattle/South_Dakota/24-010354-002/2024,SD
A/cattle/South_Dakota/24-010354-001/2024,SD
A/cattle/Texas/24-010331-001/2024,TX
A/cattle/New_Mexico/24-010330-013-300/2024,NM
A/cattle/TX/24-008749-004-original/2024,TX
A/cattle/New_Mexico/24-010330-012-300/2024,NM
A/cattle/New_Mexico/24-010330-011-300/2024,NM
A/cattle/NM/24-010330-009-original-300/2024,NM
A/cattle/New_Mexico/24-010330-008/2024,NM
A/cattle/New_Mexico/24-010330-007/2024,NM
A/cattle/New_Mexico/24-010330-006-300/2024,NM
A/cattle/New_Mexico/24-010330-005/2024,NM
A/cattle/New_Mexico/24-010330-004-300/2024,NM
A/cattle/New_Mexico/24-010330-003/2024,NM
A/Cattle/New_Mexico/24-010330-002-original-300/2024,NM
A/cattle/Texas/24-008749-003/2024,TX
A/cattle/North_Carolina/24-010327-003/2024,NC
A/cattle/Michigan/24-010303-002/2024,MI
A/cattle/Michigan/24-010303-001/2024,MI
A/cattle/New_Mexico/24-010195-001/2024,NM
A/cattle/New_Mexico/24-010194-001/2024,NM
A/cattle/New_Mexico/24-010193-007/2024,NM
SRR28752647,-
A/cattle/New_Mexico/24-010193-006/2024,NM
A/cattle/Texas/24-009367-018/2024,TX
A/cattle/Texas/24-009367-016/2024,TX
A/cattle/Texas/24-009367-014/2024,TX
A/cattle/Texas/24-009367-013/2024,TX
A/cattle/Texas/24-009367-012/2024,TX
A/cattle/Texas/24-009367-011/2024,TX
A/cattle/Texas/24-009367-010/2024,TX
A/cattle/Texas/24-009367-009/2024,TX
A/cattle/Texas/24-009367-007/2024,TX
A/cattle/Texas/24-009367-005/2024,TX
A/cattle/Texas/24-009367-004/2024,TX
A/cattle/Texas/24-009367-003/2024,TX
A/cattle/Texas/24-009367-002/2024,TX
A/cattle/Texas/24-009367-001/2024,TX
A/cattle/Texas/24-009310-010/2024,TX
A/cattle/Texas/24-009310-007/2024,TX
A/cattle/Texas/24-009310-006/2024,TX
A/cattle/Texas/24-009310-005/2024,TX
A/cattle/New_Mexico/24-009309-004/2024,NM
A/cattle/New_Mexico/24-009309-002/2024,NM
A/cattle/New_Mexico/24-009309-001/2024,NM
A/cattle/Texas/24-009308-008/2024,TX
A/cattle/Texas/24-009308-006/2024,TX
A/cattle/Texas/24-009308-004/2024,TX
A/cattle/New_Mexico/24-009306-004/2024,NM
A/cattle/New_Mexico/24-009306-003/2024,NM
A/cattle/Texas/24-009290-006/2024,TX
A/cattle/Texas/24-009290-005/2024,TX
A/cattle/North_Carolina/24-010327-005/2024,NC
A/cattle/North_Carolina/24-010327-002/2024,NC
A/cattle/New_Mexico/24-010195-004/2024,NM
A/cattle/New_Mexico/24-010192-003/2024,NM
SRR28834854,-
A/cattle/Texas/24-009499-002/2024,TX
A/cattle/Texas/24-009495-007/2024,TX
A/cattle/Texas/24-009495-005/2024,TX
A/cattle/Texas/24-009495-004/2024,TX
A/cattle/Texas/24-009310-009/2024,TX
A/cattle/Texas/24-009308-003/2024,TX
A/cattle/Texas/24-009308-002/2024,TX
A/cattle/Texas/24-009308-001/2024,TX
A/cattle/MI/24-013021-003-original/2024,MI
A/cattle/MI/24-013021-002-original/2024,MI
A/cattle/MI/24-013021-001-original/2024,MI
A/Cattle/Idaho/24-013170-012-original/2024,ID
A/Cattle/Idaho/24-013170-011-original/2024,ID
A/Cattle/Idaho/24-013170-006-original/2024,ID
A/cattle/MI/24-013172-002-original/2024,MI
A/cattle/MI/24-013021-011-original/2024,MI
A/cattle/MI/24-013021-010-original/2024,MI
A/cattle/MI/24-013021-009-original/2024,MI
A/cattle/MI/24-013021-008-original/2024,MI
A/cattle/MI/24-013021-007-original/2024,MI
A/cattle/MI/24-013021-006-original/2024,MI
A/cattle/MI/24-013021-005-original/2024,MI
A/cattle/MI/24-013021-004-original/2024,MI
A/Cattle/Idaho/24-012341-002-original/2024,ID
A/Cattle/Idaho/24-011573-017-original-repeat/2024,ID
A/Cattle/Idaho/24-011573-015-original-repeat/2024,ID
A/Cattle/Idaho/24-011573-012-original-repeat/2024,ID
A/cattle/TX/24-012457-002-original/2024,TX
A/cattle/TX/24-012457-001-original/2024,TX
A/cattle/MI/24-012377-010-original/2024,MI
A/cattle/MI/24-012377-009-original/2024,MI
A/cattle/MI/24-012377-008-original/2024,MI
A/cattle/MI/24-012377-007-original/2024,MI
A/Cattle/Idaho/24-011573-009-original-repeat/2024,ID
A/cattle/MI/24-012377-006-original/2024,MI
A/cattle/MI/24-012377-005-original/2024,MI
A/cattle/MI/24-012377-004-original/2024,MI
A/cattle/MI/24-012377-003-original/2024,MI
A/cattle/MI/24-012377-002-original/2024,MI
A/cattle/MI/24-012377-001-original/2024,MI
A/Cattle/Colorado/24-012346-021-original/2024,CO
A/Cattle/Colorado/24-012346-017-original/2024,CO
A/Cattle/Colorado/24-012346-013-original/2024,CO
A/Cattle/Colorado/24-012346-009-original/2024,CO
A/Cattle/Idaho/24-011573-008-original-repeat/2024,ID
A/Cattle/Colorado/24-012346-005-original/2024,CO
A/Cattle/Colorado/24-012346-001-original/2024,CO
A/Cattle/Idaho/24-012341-022-original/2024,ID
A/Cattle/Idaho/24-012341-021-original/2024,ID
A/Cattle/Idaho/24-012341-020-original/2024,ID
A/Cattle/Idaho/24-012341-018-original/2024,ID
A/Cattle/Idaho/24-012341-017-original/2024,ID
A/Cattle/Idaho/24-012341-016-original/2024,ID
A/Cattle/Idaho/24-012341-015-original/2024,ID
A/Cattle/Idaho/24-012341-014-original/2024,ID
A/Cattle/Idaho/24-011573-006-original-repeat/2024,ID
A/Cattle/Idaho/24-012341-013-original/2024,ID
A/Cattle/Idaho/24-012341-012-original/2024,ID
A/Cattle/Idaho/24-012341-010-original/2024,ID
A/Cattle/Idaho/24-012341-008-original/2024,ID
A/Cattle/Idaho/24-012341-007-original/2024,ID
A/Cattle/Idaho/24-012341-004-original/2024,ID
A/Cattle/Idaho/24-012341-001-original/2024,ID
A/cattle/MI/24-012314-003-original/2024,MI
A/cattle/MI/24-012314-002-original/2024,MI
A/cattle/MI/24-012314-001-original/2024,MI
A/Cattle/Idaho/24-011573-005-original-repeat/2024,ID
A/Cattle/South_Dakota/24-011802-001-original/2024,SD
A/Cattle/Idaho/24-011573-002-original-repeat/2024,ID
A/Cattle/Idaho/24-011573-007-original/2024,ID
A/Cattle/Idaho/24-011573-004-original/2024,ID
A/cattle/MI/24-011231-006-original/2024,MI
A/Cattle/Michigan/24-010071-015-original/2024,MI
A/cattle/MI/24-011231-004-original/2024,MI
A/cattle/MI/24-011231-003-original/2024,MI
A/cattle/MI/24-011231-002-original/2024,MI
A/cattle/MI/24-011231-001-original/2024,MI
A/Cattle/Michigan/24-010071-014-original/2024,MI
A/cattle/MI/24-010930-002-original/2024,MI
A/cattle/MI/24-010786-003-original/2024,MI
A/cattle/MI/24-010786-002-original/2024,MI
A/cattle/MI/24-010661-014-original/2024,MI
A/cattle/MI/24-010661-013-original/2024,MI
A/cattle/MI/24-010661-010-original/2024,MI
A/Cattle/Michigan/24-010071-013-original/2024,MI
A/cattle/MI/24-010661-009-original/2024,MI
A/cattle/MI/24-010661-008-original/2024,MI
A/Cattle/Michigan/24-010071-018-original/2024,MI
A/Cattle/Colorado/24-012225-033-original/2024,CO
A/Cattle/Colorado/24-012225-029-original/2024,CO
A/Cattle/Michigan/24-010071-017-original/2024,MI
A/Cattle/Colorado/24-012225-023-original/2024,CO
A/Cattle/Colorado/24-012225-019-original/2024,CO
A/Cattle/Colorado/24-012225-014-original/2024,CO
A/Cattle/Colorado/24-012225-001-original/2024,CO
A/Cattle/Idaho/24-011574-001-original/2024,ID
A/Cattle/Michigan/24-010071-016-original/2024,MI
A/Cattle/Idaho/24-011573-021-original/2024,ID
A/Cattle/Idaho/24-011573-014-original/2024,ID
A/Cattle/Idaho/24-011573-013-original/2024,ID
A/cattle/MI/24-010661-007-original/2024,MI
A/cattle/MI/24-010661-005-original/2024,MI
A/cattle/MI/24-010661-004-original/2024,MI
A/cattle/MI/24-010661-003-original/2024,MI
A/cattle/MI/24-010661-002-original/2024,MI
A/Cattle/Michigan/24-010071-012-original/2024,MI
A/Cattle/South_Dakota/24-010354-007-original/2024,SD
A/Cattle/Montana/24-010327-004/2024,NC
A/Cattle/Michigan/24-010231-002-original/2024,MI
A/Cattle/Michigan/24-010231-001-original/2024,MI
A/Cattle/Ohio/24-010202-014-original/2024,OH
A/Cattle/Ohio/24-010202-013-original/2024,OH
A/Cattle/Texas/24-009810-001/2024,TX
A/Cattle/Ohio/24-010202-012-original/2024,OH
A/Cattle/Ohio/24-010202-011-original/2024,OH
A/Cattle/Ohio/24-010202-009-original/2024,OH
A/Cattle/Ohio/24-010202-007-original/2024,OH
A/Cattle/Ohio/24-010202-005-original/2024,OH
A/Cattle/Ohio/24-010202-004-original/2024,OH
A/Cattle/Ohio/24-010202-003-original/2024,OH
A/Cattle/Ohio/24-010202-002-original/2024,OH
A/Cattle/Ohio/24-010202-001-original/2024,OH
A/Cattle/Michigan/24-010071-020-original/2024,MI
A/Cattle/Idaho/24-009779-005-original/2024,ID
A/cattle/MI/24-013395-002-original/2024,MI
A/cattle/MI/24-013395-001-original/2024,MI
A/cattle/MI/24-013393-004-original/2024,MI
A/cattle/TX/24-013270-001-original/2024,TX
A/cattle/ID/24-013710-009-original/2024,ID
A/cattle/ID/24-013710-008-original/2024,ID
A/cattle/ID/24-013710-007-original/2024,ID
A/cattle/ID/24-013710-006-original/2024,ID
A/cattle/ID/24-013710-005-original/2024,ID
A/cattle/ID/24-013710-004-original/2024,ID
A/cattle/ID/24-013710-003-original/2024,ID
A/cattle/ID/24-013710-002-original/2024,ID
A/cattle/ID/24-013710-001-original/2024,ID
A/cattle/ID/24-014338-006-original/2024,ID
A/cattle/ID/24-014338-005-original/2024,ID
A/cattle/ID/24-014338-004-original/2024,ID
A/cattle/ID/24-014338-003-original/2024,ID
A/cattle/ID/24-014338-002-original/2024,ID
A/cattle/SD/24-015059-004-original/2024,SD
A/cattle/SD/24-015059-003-original/2024,SD
A/cattle/SD/24-015059-002-original/2024,SD
A/cattle/SD/24-015059-001-original/2024,SD
A/cattle/MI/24-015041-008-original/2024,MI
SRR29281438,-
A/cattle/MI/24-015041-007-original/2024,MI
A/cattle/MI/24-015041-006-original/2024,MI
A/cattle/MI/24-015041-005-original/2024,MI
A/cattle/MI/24-015041-004-original/2024,MI
A/cattle/MI/24-015041-002-original/2024,MI
A/cattle/MI/24-015041-001-original/2024,MI
A/Cattle/Colorado/24-014901-009-original/2024,CO
SRR29281449,-
A/Cattle/Colorado/24-014901-008-original/2024,CO
A/Cattle/Colorado/24-014901-007-original/2024,CO
A/Cattle/Colorado/24-014901-005-original/2024,CO
A/Cattle/Colorado/24-014901-003-original/2024,CO
A/Cattle/Colorado/24-014901-002-original/2024,CO
A/Cattle/Colorado/24-014901-001-original/2024,CO
A/cattle/MI/24-014883-006-original/2024,MI
A/cattle/MI/24-014883-005-original/2024,MI
A/cattle/MI/24-014883-003-original/2024,MI
A/cattle/MI/24-014883-002-original/2024,MI
SRR29281460,-
A/cattle/MI/24-014882-004-original/2024,MI
A/cattle/MI/24-014882-003-original/2024,MI
A/cattle/MI/24-014882-002-original/2024,MI
A/cattle/MI/24-014882-001-original/2024,MI
A/cattle/MI/24-014881-013-original/2024,MI
A/cattle/MI/24-014881-009-original/2024,MI
A/cattle/MI/24-014881-002-original/2024,MI
A/cattle/ID/24-014338-009-original/2024,ID
A/cattle/ID/24-014338-008-original/2024,ID
A/cattle/ID/24-014338-007-original/2024,ID
SRR29281471,-
A/cattle/MN/24-016288-015-original/2024,MN
A/cattle/MN/24-016288-014-original/2024,MN
A/cattle/MN/24-016288-013-original/2024,MN
A/cattle/MN/24-016288-011-original/2024,MN
A/cattle/MN/24-016288-010-original/2024,MN
A/cattle/MN/24-016288-008-original/2024,MN
A/cattle/MN/24-016288-007-original/2024,MN
A/cattle/MN/24-016288-006-original/2024,MN
A/cattle/ID/24-015195-001-original/2024,ID
A/cattle/MN/24-016288-004-original/2024,MN
A/cattle/MN/24-016288-003-original/2024,MN
A/cattle/MN/24-016288-002-original/2024,MN
A/cattle/MN/24-016288-001-original/2024,MN
A/cattle/IA/24-016252-010-original/2024,IA
A/cattle/IA/24-016252-008-original/2024,IA
A/cattle/IA/24-016252-006-original/2024,IA
A/cattle/IA/24-016252-005-original/2024,IA
A/cattle/IA/24-016252-003-original/2024,IA
A/cattle/IA/24-016252-002-original/2024,IA
A/cattle/IA/24-016252-001-original/2024,IA
A/cattle/WY/24-016134-261-original/2024,WY
A/cattle/WY/24-016134-259-original/2024,WY
A/cattle/WY/24-016134-253-original/2024,WY
A/cattle/WY/24-016134-252-original/2024,WY
A/cattle/WY/24-016134-247-original/2024,WY
A/cattle/WY/24-016134-244-original/2024,WY
A/cattle/WY/24-016134-243-original/2024,WY
A/cattle/WY/24-016134-242-original/2024,WY
A/cattle/WY/24-016134-238-original/2024,WY
A/cattle/WY/24-016134-235-original/2024,WY
A/cattle/WY/24-016134-234-original/2024,WY
A/cattle/WY/24-016134-233-original/2024,WY
A/cattle/WY/24-016134-232-original/2024,WY
A/cattle/WY/24-016134-231-original/2024,WY
A/cattle/WY/24-016134-229-original/2024,WY
A/cattle/WY/24-016134-226-original/2024,WY
A/cattle/WY/24-016134-225-original/2024,WY
A/cattle/WY/24-016134-223-original/2024,WY
A/cattle/WY/24-016134-222-original/2024,WY
A/cattle/ID/24-015676-003-original/2024,ID
A/cattle/ID/24-015676-002-original/2024,ID
A/cattle/ID/24-015676-001-original/2024,ID
A/cattle/ID/24-015675-004-original/2024,ID
A/cattle/ID/24-015675-002-original/2024,ID
A/cattle/ID/24-015675-001-original/2024,ID
A/cattle/ID/24-015670-001-original/2024,ID
A/cattle/SD/24-015643-007-original/2024,SD
A/cattle/SD/24-015643-006-original/2024,SD
A/cattle/SD/24-015643-005-original/2024,SD
A/cattle/SD/24-015643-004-original/2024,SD
A/cattle/SD/24-015643-002-original/2024,SD
SRR29377878,-
A/cattle/MI/24-015457-007-original/2024,MI
A/cattle/MI/24-015457-006-original/2024,MI
A/cattle/MI/24-015457-005-original/2024,MI
A/cattle/MI/24-015457-004-original/2024,MI
A/cattle/MI/24-015457-003-original/2024,MI
A/cattle/MI/24-015457-002-original/2024,MI
A/cattle/MI/24-015457-001-original/2024,MI
A/cattle/MI/24-015307-004-original/2024,MI
A/cattle/MI/24-015307-003-original/2024,MI
A/cattle/MI/24-015307-002-original/2024,MI
A/cattle/MI/24-015307-001-original/2024,MI
A/cattle/MI/24-015306-003-original/2024,MI
A/cattle/MI/24-015306-001-original/2024,MI
A/cattle/ID/24-015196-014-original/2024,ID
A/cattle/ID/24-015196-013-original/2024,ID
A/cattle/ID/24-015196-012-original/2024,ID
A/cattle/ID/24-015196-011-original/2024,ID
A/cattle/ID/24-015196-010-original/2024,ID
A/cattle/ID/24-015196-009-original/2024,ID
A/cattle/ID/24-015196-008-original/2024,ID
A/cattle/ID/24-015196-006-original/2024,ID
A/cattle/ID/24-015196-005-original/2024,ID
A/cattle/ID/24-015196-003-original/2024,ID
A/cattle/ID/24-015196-002-original/2024,ID
A/cattle/ID/24-015195-004-original/2024,ID
A/cattle/ID/24-015195-003-original/2024,ID
A/cattle/ID/24-015195-002-original/2024,ID
A/cattle/TX/24-015973-021-original/2024,TX
A/cattle/TX/24-015973-018-original/2024,TX
A/cattle/MN/24-016523-002-original/2024,MN
A/cattle/MN/24-016523-001-original/2024,MN
A/cattle/MN/24-016511-006-original/2024,MN
A/cattle/MN/24-016511-005-original/2024,MN
A/cattle/MN/24-016511-003-original/2024,MN
A/cattle/TX/24-015973-017-original/2024,TX
A/cattle/MN/24-016511-002-original/2024,MN
A/cattle/MN/24-016511-001-original/2024,MN
A/cattle/ID/24-016437-041-original/2024,ID
A/cattle/ID/24-016437-040-original/2024,ID
A/cattle/MN/24-016370-022-original/2024,MN
A/cattle/MN/24-016370-021-original/2024,MN
A/cattle/MN/24-016370-020-original/2024,MN
A/cattle/MN/24-016370-019-original/2024,MN
A/cattle/TX/24-016337-003-original/2024,TX
A/cattle/TX/24-016337-002-original/2024,TX
A/cattle/TX/24-015973-014-original/2024,TX
A/cattle/TX/24-016337-001-original/2024,TX
A/cattle/MN/24-016288-012-original/2024,MN
A/cattle/TX/24-016191-001-original/2024,TX
A/cattle/WY/24-016134-080-original/2024,WY
A/cattle/WY/24-016134-079-original/2024,WY
A/cattle/WY/24-016134-078-original/2024,WY
A/cattle/WY/24-016134-077-original/2024,WY
A/cattle/WY/24-016134-076-original/2024,WY
A/cattle/WY/24-016134-075-original/2024,WY
A/cattle/TX/24-015973-012-original/2024,TX
A/cattle/WY/24-016134-074-original/2024,WY
A/cattle/WY/24-016134-073-original/2024,WY
A/cattle/WY/24-016134-072-original/2024,WY
A/cattle/WY/24-016134-071-original/2024,WY
A/cattle/WY/24-016134-067-original/2024,WY
A/cattle/WY/24-016134-066-original/2024,WY
A/cattle/WY/24-016134-063-original/2024,WY
A/cattle/WY/24-016134-062-original/2024,WY
A/cattle/WY/24-016134-061-original/2024,WY
A/cattle/WY/24-016134-060-original/2024,WY
A/cattle/TX/24-015973-009-original/2024,TX
A/cattle/WY/24-016134-054-original/2024,WY
A/cattle/WY/24-016134-049-original/2024,WY
A/cattle/WY/24-016134-047-original/2024,WY
A/cattle/WY/24-016134-035-original/2024,WY
A/cattle/WY/24-016134-027-original/2024,WY
A/cattle/WY/24-016134-026-original/2024,WY
A/cattle/WY/24-016134-011-original/2024,WY
A/cattle/WY/24-016134-006-original/2024,WY
A/cattle/WY/24-016134-003-original/2024,WY
A/cattle/WY/24-016134-002-original/2024,WY
A/cattle/TX/24-015973-008-original/2024,TX
A/cattle/ID/24-015978-004-original/2024,ID
A/cattle/ID/24-015978-003-original/2024,ID
A/cattle/ID/24-015978-002-original/2024,ID
A/cattle/ID/24-015978-001-original/2024,ID
A/cattle/TX/24-015975-019-original/2024,TX
A/cattle/TX/24-015975-017-original/2024,TX
A/cattle/TX/24-015975-016-original/2024,TX
SRR29455632,-
A/cattle/TX/24-015975-010-original/2024,TX
A/cattle/TX/24-015975-009-original/2024,TX
A/cattle/TX/24-015973-007-original/2024,TX
A/cattle/TX/24-015975-008-original/2024,TX
A/cattle/TX/24-015975-007-original/2024,TX
A/cattle/TX/24-015975-005-original/2024,TX
A/cattle/TX/24-015975-003-original/2024,TX
A/cattle/TX/24-015975-002-original/2024,TX
A/cattle/TX/24-015973-034-original/2024,TX
A/cattle/TX/24-015973-029-original/2024,TX
A/cattle/TX/24-015973-028-original/2024,TX
A/cattle/TX/24-015973-027-original/2024,TX
A/cattle/TX/24-015973-026-original/2024,TX
A/cattle/CO/24-017048-005-original/2024,CO
A/cattle/CO/24-017048-003-original/2024,CO
A/cattle/CO/24-017048-001-original/2024,CO
A/cattle/MI/24-016804-001-original/2024,MI
A/cattle/ID/24-016688-006-original/2024,ID
A/cattle/ID/24-016688-003-original/2024,ID
A/cattle/ID/24-016688-001-original/2024,ID
A/cattle/ID/24-016687-003-original/2024,ID
A/cattle/ID/24-016687-002-original/2024,ID
A/cattle/CO/24-017152-001-original/2024,CO
A/cattle/ID/24-016687-001-original/2024,ID
A/cattle/TX/24-016681-004-original/2024,TX
A/cattle/TX/24-016681-002-original/2024,TX
A/cattle/CO/24-016671-005-original/2024,CO
A/cattle/IA/24-016622-001-original/2024,IA
A/cattle/ID/24-016567-001-original/2024,ID
A/cattle/MN/24-016523-029-original/2024,MN
A/cattle/MN/24-016523-028-original/2024,MN
A/cattle/MN/24-016523-027-original/2024,MN
A/cattle/CO/24-017148-009-original/2024,CO
A/cattle/MN/24-016523-026-original/2024,MN
A/cattle/MN/24-016523-025-original/2024,MN
A/cattle/MN/24-016523-024-original/2024,MN
A/cattle/MN/24-016523-023-original/2024,MN
A/cattle/MN/24-016523-022-original/2024,MN
A/cattle/MN/24-016523-021-original/2024,MN
A/cattle/MN/24-016523-020-original/2024,MN
A/cattle/MN/24-016523-019-original/2024,MN
A/cattle/MN/24-016523-018-original/2024,MN
A/cattle/MN/24-016523-016-original/2024,MN
A/cattle/CO/24-017148-007-original/2024,CO
A/cattle/MN/24-016523-015-original/2024,MN
A/cattle/MN/24-016523-014-original/2024,MN
A/cattle/MN/24-016523-013-original/2024,MN
A/cattle/MN/24-016523-012-original/2024,MN
A/cattle/MN/24-016523-011-original/2024,MN
A/cattle/MN/24-016523-010-original/2024,MN
A/cattle/MN/24-016523-009-original/2024,MN
A/cattle/MN/24-016523-008-original/2024,MN
A/cattle/MN/24-016523-007-original/2024,MN
A/cattle/MN/24-016523-006-original/2024,MN
A/cattle/CO/24-017148-005-original/2024,CO
A/cattle/MN/24-016523-005-original/2024,MN
A/cattle/MN/24-016523-004-original/2024,MN
A/cattle/MN/24-016523-003-original/2024,MN
A/cattle/ID/24-016437-037-original/2024,ID
A/cattle/ID/24-016437-034-original/2024,ID
A/cattle/ID/24-016437-032-original/2024,ID
A/cattle/ID/24-016437-031-original/2024,ID
A/cattle/ID/24-016437-029-original/2024,ID
A/cattle/ID/24-016437-023-original/2024,ID
A/cattle/ID/24-016437-022-original/2024,ID
A/cattle/CO/24-017148-003-original/2024,CO
A/cattle/ID/24-016437-021-original/2024,ID
A/cattle/ID/24-016437-020-original/2024,ID
A/cattle/ID/24-016437-019-original/2024,ID
A/cattle/ID/24-016437-017-original/2024,ID
A/cattle/ID/24-016437-014-original/2024,ID
A/cattle/ID/24-016437-011-original/2024,ID
A/cattle/ID/24-016437-010-original/2024,ID
A/cattle/ID/24-016437-009-original/2024,ID
A/cattle/ID/24-016437-008-original/2024,ID
A/cattle/ID/24-016437-007-original/2024,ID
A/cattle/CO/24-017148-001-original/2024,CO
A/cattle/ID/24-016437-005-original/2024,ID
A/cattle/ID/24-016437-004-original/2024,ID
A/cattle/ID/24-016437-003-original/2024,ID
A/cattle/MN/24-016370-014-original/2024,MN
A/cattle/MN/24-016370-013-original/2024,MN
A/cattle/MN/24-016370-012-original/2024,MN
A/cattle/MN/24-016370-011-original/2024,MN
A/cattle/MN/24-016370-010-original/2024,MN
A/cattle/MN/24-016370-009-original/2024,MN
A/cattle/MN/24-016370-008-original/2024,MN
A/cattle/IA/24-017112-003-original/2024,IA
A/cattle/MN/24-016370-007-original/2024,MN
A/cattle/MN/24-016370-005-original/2024,MN
A/cattle/MN/24-016370-004-original/2024,MN
A/cattle/MN/24-016370-003-original/2024,MN
A/cattle/MN/24-016370-002-original/2024,MN
A/cattle/NM/24-015840-002-original-repeat2/2024,NM
A/cattle/NM/24-015840-001-original-repeat2/2024,NM
A/cattle/TX/24-015837-002-original-repeat2/2024,TX
SRR29543379,-
A/cattle/CO/24-017048-011-original/2024,CO
A/cattle/CO/24-017154-006-original/2024,CO
A/cattle/CO/24-017154-004-original/2024,CO
A/cattle/CO/24-017154-001-original/2024,CO
A/cattle/CO/24-017153-014-original/2024,CO
A/cattle/CO/24-017153-011-original/2024,CO
A/cattle/CO/24-017153-009-original/2024,CO
A/cattle/CO/24-017152-003-original/2024,CO
A/cattle/CO/24-017048-009-original/2024,CO
A/cattle/CO/24-017048-007-original/2024,CO
A/cattle/CO/24-017153-003-original/2024,CO
A/cattle/IA/24-017584-012-original/2024,IA
A/cattle/IA/24-017584-011-original/2024,IA
A/cattle/IA/24-017584-010-original/2024,IA
A/cattle/IA/24-017584-009-original/2024,IA
A/cattle/IA/24-017584-006-original/2024,IA
A/cattle/IA/24-017584-005-original/2024,IA
A/cattle/IA/24-017584-004-original/2024,IA
A/cattle/IA/24-017584-003-original/2024,IA
A/cattle/CO/24-018029-006-original/2024,CO
A/cattle/CO/24-018029-001-original/2024,CO
A/cattle/CO/24-017153-001-original/2024,CO
A/cattle/CO/24-018028-005-original/2024,CO
A/cattle/CO/24-018028-003-original/2024,CO
A/cattle/CO/24-018028-002-original/2024,CO
A/cattle/CO/24-018027-005-original/2024,CO
A/cattle/CO/24-018025-001-original/2024,CO
A/cattle/IA/24-017990-001-original/2024,IA
A/cattle/CO/24-017152-023-original/2024,CO
A/cattle/SD/24-017898-002-original/2024,SD
A/cattle/SD/24-017898-001-original/2024,SD
A/cattle/CO/24-017662-005-original/2024,CO
A/cattle/CO/24-017662-002-original/2024,CO
A/cattle/CO/24-017660-005-original/2024,CO
A/cattle/CO/24-017660-003-original/2024,CO
A/cattle/CO/24-017152-021-original/2024,CO
SRR29694509,-
SRR29694510,-
SRR29694511,-
SRR29694512,-
SRR29694513,-
SRR29694514,-
SRR29694515,-
A/cattle/MN/24-017652-021-original/2024,MN
A/cattle/MN/24-017652-020-original/2024,MN
A/cattle/MN/24-017652-019-original/2024,MN
A/cattle/CO/24-017152-018-original/2024,CO
A/cattle/MN/24-017652-018-original/2024,MN
A/cattle/IA/24-017584-018-original/2024,IA
A/cattle/IA/24-017584-017-original/2024,IA
A/cattle/IA/24-017584-016-original/2024,IA
A/cattle/IA/24-017583-001-original/2024,IA
A/cattle/IA/24-017582-001-original/2024,IA
A/cattle/IA/24-017490-002-original/2024,IA
A/cattle/IA/24-017490-001-original/2024,IA
A/cattle/CO/24-017152-016-original/2024,CO
A/cattle/ID/24-017489-002-original/2024,ID
A/cattle/IA/24-017484-007-original/2024,IA
A/cattle/IA/24-017484-006-original/2024,IA
A/cattle/IA/24-017484-005-original/2024,IA
A/cattle/IA/24-017484-004-original/2024,IA
A/cattle/IA/24-017484-003-original/2024,IA
A/cattle/IA/24-017484-001-original/2024,IA
A/cattle/ID/24-017483-003-original/2024,ID
SRR29694539,-
A/cattle/MN/24-017652-017-original/2024,MN
A/cattle/MN/24-017652-016-original/2024,MN
A/cattle/MN/24-017652-015-original/2024,MN
A/cattle/MN/24-017652-014-original/2024,MN
A/cattle/MN/24-017652-012-original/2024,MN
A/cattle/MN/24-017652-011-original/2024,MN
A/cattle/MN/24-017652-010-original/2024,MN
A/cattle/MN/24-017652-009-original/2024,MN
A/cattle/MN/24-017652-008-original/2024,MN
A/cattle/CO/24-017153-007-original/2024,CO
A/cattle/MN/24-017652-007-original/2024,MN
A/cattle/MN/24-017652-006-original/2024,MN
A/cattle/MN/24-017652-005-original/2024,MN
A/cattle/MN/24-017652-003-original/2024,MN
A/cattle/MN/24-017652-002-original/2024,MN
A/cattle/MN/24-017652-001-original/2024,MN
A/cattle/IA/24-017584-020-original/2024,IA
A/cattle/IA/24-017584-019-original/2024,IA
A/cattle/IA/24-017584-014-original/2024,IA
A/cattle/IA/24-017584-013-original/2024,IA
A/cattle/ID/24-017483-002-original/2024,ID
A/cattle/ID/24-017483-001-original/2024,ID
A/cattle/CO/24-017152-014-original/2024,CO
A/cattle/ID/24-017478-005-original/2024,ID
A/cattle/ID/24-017478-002-original/2024,ID
A/cattle/ID/24-017478-001-original/2024,ID
A/cattle/TX/24-017473-005-original/2024,TX
A/cattle/TX/24-017473-003-original/2024,TX
A/cattle/TX/24-017473-002-original/2024,TX
A/cattle/TX/24-017473-001-original/2024,TX
A/cattle/CO/24-017154-010-original/2024,CO
A/cattle/CO/24-018030-002-original/2024,CO
A/cattle/CO/24-018030-001-original/2024,CO
A/cattle/ID/24-017916-002-original/2024,ID
A/cattle/ID/24-017916-001-original/2024,ID
SRR29694575,-
A/cattle/CO/24-017811-005-original/2024,CO
A/cattle/CO/24-017811-003-original/2024,CO
A/cattle/CO/24-017154-008-original/2024,CO
A/cattle/CO/24-017662-014-original/2024,CO
A/cattle/CO/24-017662-013-original/2024,CO
A/cattle/CO/24-017662-011-original/2024,CO
A/cattle/CO/24-017662-008-original/2024,CO
A/cattle/CO/24-017662-006-original/2024,CO
A/cattle/CO/24-017660-002-original/2024,CO
A/cattle/CO/24-017660-001-original/2024,CO
SRR29694586,-
A/cattle/MN/24-017653-008-original/2024,MN
SRR29694588,-
A/cattle/CO/24-017154-003-original/2024,CO
A/cattle/CO/24-017152-010-original/2024,CO
A/cattle/CO/24-017152-008-original/2024,CO
A/cattle/CO/24-018028-014-original/2024,CO
A/cattle/CO/24-018772-013-original/2024,CO
A/cattle/CO/24-018772-009-original/2024,CO
A/cattle/CO/24-018771-003-original/2024,CO
A/cattle/CO/24-018771-001-original/2024,CO
A/cattle/CO/24-018766-007-original/2024,CO
A/cattle/CO/24-018766-003-original/2024,CO
A/cattle/CO/24-018766-001-original/2024,CO
A/cattle/IA/24-018721-001-original/2024,IA
A/cattle/IA/24-018719-001-original/2024,IA
A/cattle/CO/24-018028-013-original/2024,CO
A/cattle/CO/24-018637-001-original/2024,CO
A/cattle/CO/24-018336-012-original/2024,CO
A/cattle/CO/24-018028-012-original/2024,CO
A/cattle/CO/24-018336-010-original/2024,CO
A/cattle/CO/24-018336-009-original/2024,CO
A/cattle/CO/24-018336-008-original/2024,CO
SRR29740700,-
A/cattle/CO/24-018336-004-original/2024,CO
A/cattle/CO/24-018336-003-original/2024,CO
A/cattle/CO/24-018336-002-original/2024,CO
A/cattle/CO/24-018336-001-original/2024,CO
A/cattle/CO/24-018334-010-original/2024,CO
A/cattle/CO/24-018028-016-original/2024,CO
A/cattle/CO/24-018028-015-original/2024,CO
A/cattle/IA/24-018959-001-original/2024,IA
A/cattle/IA/24-018958-003-original/2024,IA
A/cattle/IA/24-018958-002-original/2024,IA
A/cattle/IA/24-018958-001-original/2024,IA
A/cattle/IA/24-018873-002-original/2024,IA
A/cattle/IA/24-018873-001-original/2024,IA
A/cattle/CO/24-018872-002-original/2024,CO
A/cattle/CO/24-018872-001-original/2024,CO
A/cattle/CO/24-018869-001-original/2024,CO
A/cattle/ID/24-018782-001-original/2024,ID
A/cattle/CO/24-018334-009-original/2024,CO
A/cattle/CO/24-018028-011-original/2024,CO
A/cattle/CO/24-018334-008-original/2024,CO
A/cattle/CO/24-018334-007-original/2024,CO
A/cattle/CO/24-018334-006-original/2024,CO
A/cattle/CO/24-018334-005-original/2024,CO
A/cattle/CO/24-018334-004-original/2024,CO
A/cattle/CO/24-018334-003-original/2024,CO
A/cattle/CO/24-018334-001-original/2024,CO
A/cattle/IA/24-018277-001-original/2024,IA
A/cattle/IA/24-018276-001-original/2024,IA
A/cattle/IA/24-018275-001-original/2024,IA
A/cattle/CO/24-018028-009-original/2024,CO
A/cattle/IA/24-018271-001-original/2024,IA
SRR29740732,-
A/cattle/IA/24-018154-001-original/2024,IA
A/cattle/CO/24-018151-006-original/2024,CO
A/cattle/CO/24-018151-005-original/2024,CO
A/cattle/CO/24-018151-004-original/2024,CO
A/cattle/CO/24-018028-008-original/2024,CO
A/cattle/CO/24-018151-003-original/2024,CO
A/cattle/CO/24-018151-001-original/2024,CO
A/cattle/CO/24-018149-004-original/2024,CO
A/cattle/CO/24-018149-003-original/2024,CO
A/cattle/CO/24-018030-005-original/2024,CO
A/cattle/CO/24-018030-004-original/2024,CO
A/cattle/CO/24-018029-005-original/2024,CO
A/cattle/CO/24-018029-004-original/2024,CO
SRR29740750,-
A/cattle/CO/24-018028-019-original/2024,CO
A/cattle/CO/24-018028-007-original/2024,CO
A/cattle/CO/24-018028-006-original/2024,CO
A/cattle/MN/24-018976-007-original/2024,MN
A/cattle/MN/24-018976-004-original/2024,MN
A/cattle/MN/24-018975-003-original/2024,MN
A/cattle/MN/24-018975-002-original/2024,MN
A/cattle/MN/24-018975-001-original/2024,MN
A/cattle/CO/24-018871-005-original/2024,CO
A/cattle/CO/24-018871-004-original/2024,CO
A/cattle/OK/24-019634-002-original/2024,OK
A/cattle/OK/24-019634-001-original/2024,OK
A/cattle/OK/24-019481-002-original/2024,OK
A/cattle/OK/24-019481-001-original/2024,OK
A/cattle/CO/24-018871-003-original/2024,CO
A/cattle/CO/24-019381-015-original/2024,CO
A/cattle/CO/24-019381-013-original/2024,CO
A/cattle/CO/24-019381-001-original/2024,CO
SRR29851696,-
SRR29851697,-
SRR29851698,-
A/cattle/MN/24-019167-001-original/2024,MN
A/cattle/CO/24-018871-002-original/2024,CO
A/cattle/CO/24-018871-001-original/2024,CO
A/cattle/CO/24-019381-016-original/2024,CO
A/cattle/CO/24-020284-010-original/2024,CO
A/cattle/CO/24-020284-009-original/2024,CO
A/cattle/CO/24-020284-001-original/2024,CO
A/cattle/CO/24-019381-012-original/2024,CO
A/cattle/CO/24-020176-005-original/2024,CO
A/cattle/CO/24-020176-003-original/2024,CO
A/cattle/CO/24-020175-004-original/2024,CO
A/cattle/CO/24-020175-002-original/2024,CO
A/cattle/CO/24-020175-001-original/2024,CO
A/cattle/CO/24-020172-002-original/2024,CO
A/cattle/CO/24-020172-001-original/2024,CO
A/cattle/CO/24-019381-007-original/2024,CO
A/cattle/CO/24-020027-007-original/2024,CO
A/cattle/CO/24-020027-006-original/2024,CO
A/cattle/CO/24-020027-005-original/2024,CO
A/cattle/CO/24-020027-001-original/2024,CO
A/cattle/IA/24-019981-001-original/2024,IA
A/cattle/TX/24-019890-007-original/2024,TX
A/cattle/TX/24-019890-006-original/2024,TX
A/cattle/TX/24-019890-005-original/2024,TX
A/cattle/TX/24-019890-004-original/2024,TX
A/cattle/TX/24-019890-002-original/2024,TX
A/cattle/CO/24-019381-006-original/2024,CO
SRR29953222,-
SRR29953223,-
SRR29953224,-
SRR29953225,-
SRR29953226,-
SRR29953227,-
SRR29953228,-
SRR29953229,-
A/cattle/CO/24-019381-005-original/2024,CO
A/cattle/ID/24-019883-002-original/2024,ID
A/cattle/ID/24-019883-001-original/2024,ID
A/cattle/ID/24-019780-003-original/2024,ID
A/cattle/ID/24-019780-002-original/2024,ID
A/cattle/ID/24-019780-001-original/2024,ID
SRR29953238,-
A/cattle/CO/24-019694-003-original/2024,CO
A/cattle/CO/24-019694-002-original/2024,CO
A/cattle/CO/24-019694-001-original/2024,CO
A/cattle/CO/24-019693-010-original/2024,CO
A/cattle/CO/24-019381-004-original/2024,CO
A/cattle/CO/24-019693-008-original/2024,CO
A/cattle/CO/24-019693-007-original/2024,CO
A/cattle/CO/24-019693-006-original/2024,CO
A/cattle/CO/24-019693-005-original/2024,CO
A/cattle/CO/24-019693-004-original/2024,CO
A/cattle/CO/24-019691-014-original/2024,CO
A/cattle/CO/24-019691-013-original/2024,CO
A/cattle/CO/24-019691-012-original/2024,CO
A/cattle/CO/24-019691-011-original/2024,CO
A/cattle/CO/24-019691-010-original/2024,CO
A/cattle/CO/24-019381-003-original/2024,CO
A/cattle/CO/24-019691-009-original/2024,CO
A/cattle/CO/24-019691-007-original/2024,CO
A/cattle/CO/24-019691-005-original/2024,CO
A/cattle/CO/24-019691-004-original/2024,CO
A/cattle/CO/24-019691-003-original/2024,CO
A/cattle/CO/24-019691-001-original/2024,CO
A/cattle/MN/24-019617-012-original/2024,MN
A/cattle/MN/24-019617-011-original/2024,MN
A/cattle/CO/24-019601-002-original/2024,CO
A/cattle/CO/24-019381-002-original/2024,CO
A/cattle/IA/24-019480-002-original/2024,IA
A/cattle/IA/24-019480-001-original/2024,IA
A/cattle/IA/24-019478-001-original/2024,IA
A/cattle/IA/24-019476-001-original/2024,IA
A/cattle/IA/24-019475-002-original/2024,IA
A/cattle/MI/24-019382-007-original-repeat2/2024,MI
SRR29953276,-
A/cattle/ID/24-016568-001-original-repeat2/2024,ID
A/cattle/CO/24-020284-005-original/2024,CO
A/cattle/CO/24-020284-004-original/2024,CO
A/cattle/CO/24-020284-002-original/2024,CO
A/cattle/CO/24-020941-002-original/2024,CO
A/cattle/CO/24-020176-006-original/2024,CO
A/cattle/CO/24-020941-001-original/2024,CO
A/cattle/CO/24-020940-007-original/2024,CO
A/cattle/CO/24-020940-006-original/2024,CO
A/cattle/CO/24-020940-005-original/2024,CO
A/cattle/CO/24-020940-004-original/2024,CO
A/cattle/CO/24-020940-003-original/2024,CO
A/cattle/CO/24-020940-002-original/2024,CO
A/cattle/CO/24-020940-001-original/2024,CO
A/cattle/CO/24-020797-009-original/2024,CO
A/cattle/CO/24-020176-001-original/2024,CO
A/cattle/CO/24-020797-006-original/2024,CO
A/cattle/CO/24-020797-002-original/2024,CO
A/cattle/MN/24-020731-006-original/2024,MN
A/cattle/MN/24-020731-005-original/2024,MN
A/cattle/MN/24-020731-004-original/2024,MN
A/cattle/MN/24-020731-003-original/2024,MN
A/cattle/CO/24-020715-007-original/2024,CO
A/cattle/CO/24-020715-006-original/2024,CO
A/cattle/CO/24-020027-002-original/2024,CO
A/cattle/CO/24-020715-003-original/2024,CO
A/cattle/CO/24-020712-009-original/2024,CO
A/cattle/CO/24-020712-008-original/2024,CO
A/cattle/CO/24-020712-006-original/2024,CO
A/cattle/CO/24-020712-005-original/2024,CO
A/cattle/CO/24-020712-004-original/2024,CO
A/cattle/CO/24-020712-003-original/2024,CO
A/cattle/CO/24-020712-002-original/2024,CO
A/cattle/CO/24-020712-001-original/2024,CO
A/cattle/IA/24-020593-001-original/2024,IA
A/cattle/CO/24-020510-003-original/2024,CO
A/cattle/CO/24-020510-002-original/2024,CO
A/cattle/CO/24-020510-001-original/2024,CO
A/cattle/CO/24-020284-011-original/2024,CO
A/cattle/CO/24-020284-008-original/2024,CO
A/cattle/CO/24-020284-006-original/2024,CO
A/cattle/ID/24-015674-002-original-repeat2/2024,ID
SRR30090409,-
A/cattle/CO/24-020797-014-original/2024,CO
A/cattle/CO/24-020797-013-original/2024,CO
A/cattle/CO/24-020797-012-original/2024,CO
A/cattle/CO/24-020797-011-original/2024,CO
A/cattle/CO/24-020797-010-original/2024,CO
A/cattle/CO/24-020797-008-original/2024,CO
A/cattle/CO/24-021340-004-original/2024,CO
A/cattle/CO/24-020797-007-original/2024,CO
A/cattle/CO/24-021340-003-original/2024,CO
A/cattle/CO/24-021340-002-original/2024,CO
A/cattle/CO/24-021340-001-original/2024,CO
A/cattle/CO/24-021115-002-original/2024,CO
A/cattle/CO/24-021115-001-original/2024,CO
A/cattle/CO/24-020797-005-original/2024,CO
A/cattle/CO/24-020795-001-original/2024,CO
A/cattle/CO/24-020797-015-original/2024,CO
A/cattle/CO/24-020797-004-original/2024,CO
A/cattle/CO/24-020797-003-original/2024,CO
A/cattle/SD/24-021716-003-original/2024,SD
A/cattle/SD/24-021716-005-original/2024,SD
A/cattle/CO/24-022160-001-original/2024,CO
A/cattle/CO/24-022173-001-original/2024,CO
SRR30235356,-
A/cattle/CO/24-022176-001-original/2024,CO
A/cattle/CO/24-022159-002-original/2024,CO
A/cattle/CO/24-022159-003-original/2024,CO
A/cattle/CO/24-022165-001-original/2024,CO
A/cattle/TX/24-021589-004-original/2024,TX
A/cattle/TX/24-021589-002-original/2024,TX
A/cattle/TX/24-021589-001-original/2024,TX
A/cattle/CO/24-021996-002-original/2024,CO
A/cattle/CO/24-022168-002-original/2024,CO
A/cattle/CO/24-022168-001-original/2024,CO
A/cattle/CO/24-022179-001-original/2024,CO
A/cattle/CO/24-021996-001-original/2024,CO
A/cattle/CO/24-022177-001-original/2024,CO
A/cattle/CO/24-022172-001-original/2024,CO
A/cattle/CO/24-022171-001-original/2024,CO
A/cattle/SD/24-021716-002-original/2024,SD
A/cattle/CO/24-021992-001-original/2024,CO
A/cattle/SD/24-021716-001-original/2024,SD
A/cattle/SD/24-021715-007-original/2024,SD
A/cattle/SD/24-021715-006-original/2024,SD
A/cattle/SD/24-021715-005-original/2024,SD
A/cattle/SD/24-021715-004-original/2024,SD
A/cattle/SD/24-021715-003-original/2024,SD
A/cattle/SD/24-021715-001-original/2024,SD
A/cattle/TX/24-021589-007-original/2024,TX
A/cattle/TX/24-021589-006-original/2024,TX
A/cattle/TX/24-021589-005-original/2024,TX
A/cattle/TX/24-021768-002-original/2024,TX
A/cattle/TX/24-021768-001-original/2024,TX
A/cattle/CO/24-022332-009-original/2024,CO
A/cattle/ID/24-022349-002-original/2024,ID
A/cattle/ID/24-022349-001-original/2024,ID
A/cattle/CO/24-022332-018-original/2024,CO
A/cattle/CO/24-022332-014-original/2024,CO
A/cattle/CO/24-022332-011-original/2024,CO
A/cattle/CO/24-022332-007-original/2024,CO
A/cattle/CO/24-022332-005-original/2024,CO
A/cattle/ID/24-015672-001/2024,ID
SRR30490901,-
A/cattle/CO/24-022870-001-original/2024,CO
A/cattle/CO/24-022863-001-original/2024,CO
A/cattle/CO/24-022861-001-original/2024,CO
A/cattle/CO/24-022860-001-original/2024,CO
A/cattle/CO/24-022859-001-original/2024,CO
A/cattle/CO/24-022858-001-original/2024,CO
A/cattle/CO/24-022855-001-original/2024,CO
A/cattle/CO/24-022848-002-original/2024,CO
A/cattle/CO/24-022845-001-original/2024,CO
A/cattle/NM/24-023930-012-original/2024,NM
A/cattle/NM/24-023930-011-original/2024,NM
A/cattle/NM/24-023930-010-original/2024,NM
A/cattle/NM/24-023930-007-original/2024,NM
A/cattle/NM/24-023930-006-original/2024,NM
A/cattle/NM/24-023930-005-original/2024,NM
A/cattle/NM/24-023930-004-original/2024,NM
SRR30572423,-
A/cattle/NM/24-023930-003-original/2024,NM
A/cattle/CA/24-024712-003-original/2024,CA
SRR30572426,-
A/cattle/CA/24-024712-001-original/2024,CA
SRR30572428,-
SRR30572429,-
SRR30572430,-
SRR30572431,-
SRR30572432,-
A/cattle/MI/24-024344-003-original/2024,MI
A/cattle/MI/24-024344-001-original/2024,MI
A/cattle/NM/24-023930-002-original/2024,NM
A/cattle/NM/24-023930-001-original/2024,NM
A/cattle/ID/24-024698-002-original/2024,ID
A/cattle/CO/24-024240-001-original/2024,CO
A/cattle/CO/24-024947-001-original/2024,CO
SRR30811248,-
SRR30811249,-
A/cattle/CO/24-024946-001-original/2024,CO
SRR30811251,-
A/cattle/CA/24-027100-002-original/2024,CA
A/cattle/CA/24-027100-001-original/2024,CA
A/cattle/CA/24-027097-003-original/2024,CA
A/cattle/CA/24-027097-002-original/2024,CA
A/cattle/CA/24-027097-001-original/2024,CA
SRR30811257,-
SRR30811258,-
A/cattle/CO/24-024945-001-original/2024,CO
A/cattle/CA/24-026566-001-original/2024,CA
A/cattle/CA/24-026564-001-original/2024,CA
A/cattle/CA/24-026563-002-original/2024,CA
A/cattle/CA/24-026563-001-original/2024,CA
A/cattle/CA/24-026562-002-original/2024,CA
A/cattle/CA/24-026562-001-original/2024,CA
A/cattle/CA/24-026560-004-original/2024,CA
A/cattle/CA/24-026560-003-original/2024,CA
SRR30811272,-
A/cattle/CA/24-026560-002-original/2024,CA
A/cattle/CA/24-026560-001-original/2024,CA
A/cattle/CO/24-026553-001-original/2024,CO
A/cattle/CO/24-026550-001-original/2024,CO
A/cattle/TX/24-026360-017-original/2024,TX
A/cattle/TX/24-026360-014-original/2024,TX
A/cattle/TX/24-026360-013-original/2024,TX
A/cattle/TX/24-026360-011-original/2024,TX
A/cattle/TX/24-026360-010-original/2024,TX
A/cattle/TX/24-026360-009-original/2024,TX
A/cattle/CO/24-023569-001-original-repeat2/2024,CO
A/cattle/TX/24-026360-008-original/2024,TX
A/cattle/TX/24-026360-007-original/2024,TX
A/cattle/TX/24-026360-005-original/2024,TX
A/cattle/TX/24-026360-004-original/2024,TX
A/cattle/TX/24-026360-003-original/2024,TX
A/cattle/TX/24-026360-002-original/2024,TX
A/cattle/TX/24-026360-001-original/2024,TX
A/cattle/TX/24-026219-010-original/2024,TX
A/cattle/TX/24-026219-009-original/2024,TX
A/cattle/TX/24-026219-006-original/2024,TX
A/cattle/CO/24-023564-001-original-repeat2/2024,CO
A/cattle/TX/24-026219-005-original/2024,TX
A/cattle/TX/24-026219-004-original/2024,TX
A/cattle/CA/24-025996-003-original/2024,CA
A/cattle/CA/24-025992-004-original/2024,CA
A/cattle/CA/24-025992-003-original/2024,CA
A/cattle/CA/24-025992-002-original/2024,CA
SRR30811301,-
SRR30811302,-
A/cattle/CA/24-025749-001-original/2024,CA
A/cattle/CA/24-025748-003-original/2024,CA
SRR30811305,-
A/cattle/CA/24-025748-002-original/2024,CA
A/cattle/CA/24-025748-001-original/2024,CA
A/cattle/CA/24-025747-008-original/2024,CA
A/cattle/CA/24-025747-007-original/2024,CA
A/cattle/CA/24-025747-006-original/2024,CA
A/cattle/CA/24-025747-005-original/2024,CA
A/cattle/CA/24-025747-004-original/2024,CA
A/cattle/CA/24-025747-003-original/2024,CA
A/cattle/CA/24-025747-002-original/2024,CA
A/cattle/CA/24-025747-001-original/2024,CA
SRR30811316,-
A/cattle/CA/24-025746-004-original/2024,CA
A/cattle/CA/24-025746-002-original/2024,CA
A/cattle/CA/24-025746-001-original/2024,CA
A/cattle/CO/24-025576-001-original/2024,CO
A/cattle/CO/24-025575-001-original/2024,CO
A/cattle/CO/24-025573-001-original/2024,CO
A/cattle/MI/24-025091-002-original/2024,MI
A/cattle/MI/24-025091-001-original/2024,MI
SRR30811325,-
A/cattle/CO/24-024948-001-original/2024,CO
SRR30811327,-
SRR30811328,-
A/cattle/CA/24-027494-001-original/2024,CA
A/cattle/CA/24-027472-001-original/2024,CA
A/cattle/CA/24-027459-001-original/2024,CA
A/cattle/CA/24-027100-004-original/2024,CA
SRR30932422,-
A/cattle/ID/24-026980-001-original/2024,ID
A/cattle/CO/24-024238-001-original-repeat2/2024,CO
A/cattle/IA/24-023669-001-original/2024,IA
A/cattle/CA/24-027653-001-original/2024,CA
SRR30932712,-
A/cattle/CA/24-027651-001-original/2024,CA
SRR30932714,-
A/cattle/CA/24-027098-002-original-repeat2/2024,CA
A/cattle/TX/24-026219-007-original-repeat2/2024,TX
SRR30932719,-
SRR30932720,-
SRR30932721,-
SRR30932722,-
A/cattle/CA/24-028247-004-original/2024,CA
A/cattle/CA/24-028247-003-original/2024,CA
A/cattle/CA/24-028247-002-original/2024,CA
A/cattle/CA/24-028247-001-original/2024,CA
A/cattle/TX/24-026219-003-original-repeat2/2024,TX
A/cattle/CA/24-028246-001-original/2024,CA
A/cattle/CA/24-028243-004-original/2024,CA
A/cattle/CA/24-028243-002-original/2024,CA
A/cattle/ID/24-028090-001-original/2024,ID
A/cattle/CA/24-027807-003-original/2024,CA
A/cattle/CA/24-027807-002-original/2024,CA
A/cattle/CA/24-027807-001-original/2024,CA
A/cattle/CA/24-027805-003-original/2024,CA
A/cattle/CA/24-027805-002-original/2024,CA
A/cattle/CA/24-027805-001-original/2024,CA
A/cattle/CA/24-025996-002-original-repeat2/2024,CA
A/cattle/CA/24-027665-001-original/2024,CA
A/cattle/CA/24-027664-001-original/2024,CA
A/cattle/CA/24-027662-001-original/2024,CA
A/cattle/CA/24-027661-001-original/2024,CA
A/cattle/CA/24-027660-001-original/2024,CA
A/cattle/CA/24-027658-001-original/2024,CA
A/cattle/CA/24-027657-001-original/2024,CA
A/cattle/CA/24-027656-001-original/2024,CA
A/cattle/CA/24-027655-001-original/2024,CA
A/cattle/CA/24-027654-001-original/2024,CA
A/cattle/CA/24-025996-001-original-repeat2/2024,CA
A/cattle/CA/24-025992-001-original-repeat2/2024,CA
A/cattle/ID/24-028356-001-original/2024,ID
A/cattle/CA/24-027502-001-original-repeat2/2024,CA
SRR31016523,-
A/cattle/CA/24-028772-004-original/2024,CA
A/cattle/CA/24-028772-003-original/2024,CA
A/cattle/CA/24-028772-002-original/2024,CA
A/cattle/CA/24-028772-001-original/2024,CA
A/cattle/CA/24-028771-001-original/2024,CA
A/cattle/CA/24-028770-001-original/2024,CA
A/cattle/CA/24-028762-003-original/2024,CA
A/cattle/CA/24-028762-002-original/2024,CA
A/cattle/CA/24-028762-001-original/2024,CA
A/cattle/CA/24-027490-001-original-repeat2/2024,CA
A/cattle/CA/24-028761-003-original/2024,CA
A/cattle/CA/24-028761-002-original/2024,CA
A/cattle/CA/24-028761-001-original/2024,CA
A/cattle/CA/24-028759-003-original/2024,CA
A/cattle/CA/24-028759-002-original/2024,CA
A/cattle/CA/24-028759-001-original/2024,CA
A/cattle/CA/24-028758-003-original/2024,CA
A/cattle/CA/24-028757-004-original/2024,CA
SRR31016544,-
A/cattle/CA/24-028538-003-original/2024,CA
A/cattle/CA/24-028538-002-original/2024,CA
A/cattle/CA/24-028538-001-original/2024,CA
A/cattle/CA/24-028537-004-original/2024,CA
A/cattle/CA/24-028537-003-original/2024,CA
A/cattle/CA/24-028537-001-original/2024,CA
A/cattle/CA/24-028536-003-original/2024,CA
A/cattle/CA/24-028536-002-original/2024,CA
A/cattle/CA/24-028536-001-original/2024,CA
A/cattle/CA/24-027478-001-original-repeat2/2024,CA
A/cattle/CA/24-028516-003-original/2024,CA
A/cattle/CA/24-028516-002-original/2024,CA
A/cattle/CA/24-028516-001-original/2024,CA
A/cattle/CA/24-028514-001-original/2024,CA
A/cattle/CA/24-028512-001-original/2024,CA
A/cattle/CA/24-028510-003-original/2024,CA
A/cattle/CA/24-028510-002-original/2024,CA
A/cattle/CA/24-028508-001-original/2024,CA
A/cattle/CA/24-028506-001-original/2024,CA
SRR31016566,-
A/cattle/CA/24-028504-001-original/2024,CA
A/cattle/CA/24-028502-001-original/2024,CA
A/cattle/CA/24-028495-001-original/2024,CA
A/cattle/CA/24-028494-001-original/2024,CA
A/cattle/CA/24-028491-001-original/2024,CA
A/cattle/CA/24-028490-004-original/2024,CA
A/cattle/CA/24-028490-003-original/2024,CA
A/cattle/CA/24-028490-001-original/2024,CA
A/cattle/CA/24-028489-010-original/2024,CA
A/cattle/CA/24-028489-009-original/2024,CA
A/cattle/CA/24-027475-002-original-repeat2/2024,CA
A/cattle/CA/24-028489-008-original/2024,CA
A/cattle/CA/24-028489-007-original/2024,CA
A/cattle/CA/24-028489-006-original/2024,CA
A/cattle/CA/24-028489-005-original/2024,CA
A/cattle/CA/24-028489-004-original/2024,CA
A/cattle/CA/24-028489-003-original/2024,CA
A/cattle/CA/24-028489-002-original/2024,CA
A/cattle/CA/24-028489-001-original/2024,CA
A/cattle/ID/24-028356-003-original/2024,ID
A/cattle/ID/24-028356-002-original/2024,ID
A/cattle/CA/24-027475-001-original-repeat2/2024,CA
A/cattle/CA/24-027459-002-original-repeat2/2024,CA
A/cattle/CA/24-029374-002-original/2024,CA
A/cattle/CA/24-029374-001-original/2024,CA
A/cattle/CA/24-029185-001-original/2024,CA
A/cattle/CA/24-029179-002-original/2024,CA
A/cattle/CA/24-029174-001-original/2024,CA
SRR31062729,-
SRR31062731,-
A/cattle/CA/24-029904-001-original/2024,CA
A/cattle/CA/24-029903-001-original/2024,CA
SRR31062735,-
A/cattle/CA/24-029900-001-original/2024,CA
A/cattle/CA/24-029899-001-original/2024,CA
SRR31062738,-
SRR31062739,-
SRR31062740,-
SRR31062741,-
A/cattle/CA/24-029166-001-original/2024,CA
A/cattle/CA/24-029893-003-original/2024,CA
A/cattle/CA/24-029893-002-original/2024,CA
A/cattle/CA/24-029891-001-original/2024,CA
A/cattle/CA/24-029379-003-original/2024,CA
A/cattle/CA/24-029379-002-original/2024,CA
A/cattle/CA/24-029379-001-original/2024,CA
A/cattle/CA/24-029374-006-original/2024,CA
A/cattle/CA/24-029374-005-original/2024,CA
A/cattle/CA/24-029374-004-original/2024,CA
A/cattle/CA/24-029374-003-original/2024,CA
A/cattle/CA/24-028243-001-original-repeat2/2024,CA
A/cattle/TX/24-026219-013-original-repeat2/2024,TX
A/cattle/CA/24-028987-003-original/2024,CA
A/cattle/CA/24-028987-002-original/2024,CA
A/cattle/CA/24-028987-001-original/2024,CA
A/cattle/CA/24-028986-002-original/2024,CA
SRR31168529,-
SRR31168530,-
A/cattle/CA/24-028975-001-original/2024,CA
A/cattle/ID/24-030584-001-original/2024,ID
A/cattle/CA/24-030031-002-original/2024,CA
SRR31168534,-
A/cattle/CA/24-029620-002-original/2024,CA
A/cattle/CA/24-029620-001-original/2024,CA
SRR31168537,-
A/cattle/NM/24-028969-016-original/2024,NM
SRR31168539,-
SRR31168540,-
SRR31168541,-
A/cattle/CA/24-029616-002-original/2024,CA
A/cattle/CA/24-029616-001-original/2024,CA
A/cattle/CA/24-029613-001-original/2024,CA
A/cattle/CA/24-029612-001-original/2024,CA
SRR31168546,-
A/cattle/CA/24-029606-002-original/2024,CA
A/cattle/CA/24-028988-001-original/2024,CA
A/cattle/NM/24-028969-013-original/2024,NM
A/cattle/NM/24-028969-006-original/2024,NM
A/cattle/CA/24-031313-004-original/2024,CA
A/cattle/CA/24-031313-003-original/2024,CA
A/cattle/CA/24-031313-002-original/2024,CA
SRR31254286,-
SRR31254287,-
A/cattle/CA/24-031310-002-original/2024,CA
A/cattle/CA/24-031310-001-original/2024,CA
SRR31254290,-
SRR31254291,-
SRR31254292,-
SRR31254293,-
SRR31254294,-
A/cattle/CA/24-031294-001-original/2024,CA
SRR31254296,-
SRR31254297,-
SRR31254298,-
SRR31254299,-
SRR31254300,-
SRR31254301,-
A/cattle/CA/24-031278-002-original/2024,CA
A/cattle/CA/24-031278-001-original/2024,CA
SRR31254306,-
SRR31254307,-
SRR31254308,-
A/cattle/CA/24-031162-002-original/2024,CA
SRR31254310,-
A/cattle/CA/24-031157-001-original/2024,CA
SRR31254312,-
A/cattle/CA/24-031156-001-original/2024,CA
SRR31254314,-
SRR31254321,-
A/cattle/CA/24-031619-001-original/2024,CA
A/cattle/CA/24-031618-002-original/2024,CA
SRR31254328,-
A/cattle/CA/24-031615-003-original/2024,CA
A/cattle/CA/24-031615-002-original/2024,CA
A/cattle/CA/24-031615-001-original/2024,CA
SRR31254332,-
A/cattle/ID/24-031349-002-original/2024,ID
A/cattle/ID/24-031349-001-original/2024,ID
SRR31254335,-
A/cattle/CA/24-031334-001-original/2024,CA
A/cattle/CA/24-031333-001-original/2024,CA
A/cattle/CA/24-031331-001-original/2024,CA
A/cattle/CA/24-031330-001-original/2024,CA
SRR31254340,-
A/cattle/CA/24-031326-001-original/2024,CA
A/cattle/CA/24-031322-001-original/2024,CA
A/cattle/CA/24-030165-001-original/2024,CA
A/cattle/CA/24-031321-001-original/2024,CA
SRR31254345,-
SRR31254346,-
A/cattle/CA/24-031145-001-original/2024,CA
A/cattle/CA/24-031144-003-original/2024,CA
A/cattle/CA/24-031144-002-original/2024,CA
A/cattle/CA/24-031144-001-original/2024,CA
A/cattle/CA/24-031097-002-original/2024,CA
A/cattle/CA/24-031097-001-original/2024,CA
A/cattle/CA/24-031096-004-original/2024,CA
A/cattle/CA/24-031096-003-original/2024,CA
SRR31254355,-
A/cattle/CA/24-031096-002-original/2024,CA
A/cattle/CA/24-031096-001-original/2024,CA
SRR31254358,-
SRR31254360,-
A/cattle/CA/24-030737-002-original/2024,CA
A/cattle/CA/24-030737-001-original/2024,CA
A/cattle/CA/24-030734-001-original/2024,CA
A/cattle/CA/24-030697-004-original/2024,CA
A/cattle/CA/24-030697-002-original/2024,CA
SRR31254366,-
SRR31254367,-
SRR31254368,-
A/cattle/CA/24-030587-001-original/2024,CA
SRR31254370,-
A/cattle/CA/24-030323-001-original/2024,CA
A/cattle/CA/24-030322-001-original/2024,CA
A/cattle/CA/24-030318-003-original/2024,CA
A/cattle/CA/24-030318-002-original/2024,CA
A/cattle/CA/24-030318-001-original/2024,CA
SRR31254377,-
A/cattle/CA/24-031623-002-original/2024,CA
SRR31347632,-
SRR31347633,-
SRR31347634,-
SRR31347635,-
SRR31347636,-
SRR31347637,-
SRR31347639,-
SRR31347640,-
A/cattle/CA/24-031620-001-original/2024,CA
A/cattle/CA/24-031619-009-original/2024,CA
A/cattle/CA/24-031619-007-original/2024,CA
A/cattle/CA/24-031619-006-original/2024,CA
A/cattle/CA/24-031619-003-original/2024,CA
A/cattle/CA/24-031619-002-original/2024,CA
A/cattle/CA/24-031607-003-original/2024,CA
A/cattle/CA/24-031607-002-original/2024,CA
SRR31347650,-
SRR31347651,-
SRR31347652,-
SRR31347653,-
A/cattle/CA/24-031340-005-original/2024,CA
A/cattle/CA/24-031340-004-original/2024,CA
A/cattle/CA/24-031340-003-original/2024,CA
A/cattle/CA/24-031340-001-original/2024,CA
SRR31347658,-
SRR31347663,-
A/cattle/CA/24-032019-001-original/2024,CA
A/cattle/CA/24-032017-001-original/2024,CA
A/cattle/CA/24-032016-003-original/2024,CA
A/cattle/CA/24-032016-002-original/2024,CA
A/cattle/CA/24-032016-001-original/2024,CA
SRR31347670,-
SRR31347671,-
SRR31347672,-
SRR31347673,-
A/cattle/CA/24-032048-003-original/2024,CA
A/cattle/CA/24-032048-002-original/2024,CA
A/cattle/CA/24-032048-001-original/2024,CA
A/cattle/CA/24-032046-002-original/2024,CA
A/cattle/CA/24-032046-001-original/2024,CA
SRR31347680,-
SRR31347681,-
A/cattle/CA/24-032036-002-original/2024,CA
A/cattle/CA/24-032036-001-original/2024,CA
SRR31347684,-
SRR31347685,-
SRR31347686,-
SRR31347687,-
A/cattle/CA/24-032034-002-original/2024,CA
A/cattle/CA/24-032034-001-original/2024,CA
A/cattle/CA/24-032033-001-original/2024,CA
SRR31347692,-
SRR31347693,-
SRR31347694,-
SRR31347710,-
SRR31347711,-
SRR31347712,-
SRR31347713,-
SRR31347714,-
SRR31347715,-
A/cattle/CA/24-031626-005-original/2024,CA
A/cattle/CA/24-031626-004-original/2024,CA
A/cattle/CA/24-031626-001-original/2024,CA
A/cattle/CA/24-032202-001-original/2024,CA
SRR31347721,-
SRR31347722,-
SRR31347724,-
A/cattle/UT/24-032188-001-original/2024,UT
SRR31347726,-
SRR31347727,-
SRR31347728,-
SRR31347729,-
SRR31347730,-
SRR31347731,-
A/cattle/CA/24-032045-001-original/2024,CA
SRR31347733,-
A/cattle/CA/24-032041-001-original/2024,CA
SRR31347737,-
SRR31347738,-
A/cattle/CA/24-032038-001-original/2024,CA
A/cattle/CA/24-032030-001-original/2024,CA
SRR31347741,-
SRR31347742,-
A/cattle/CA/24-032024-002-original/2024,CA
A/cattle/CA/24-032024-001-original/2024,CA
SRR31347745,-
SRR31347747,-
SRR31347748,-
SRR31347749,-
SRR31347750,-
SRR31347751,-
SRR31347752,-
SRR31347753,-
A/cattle/CA/24-032026-004-original/2024,CA
A/cattle/CA/24-032026-003-original/2024,CA
A/cattle/CA/24-032026-002-original/2024,CA
A/cattle/CA/24-032026-001-original/2024,CA
A/cattle/CA/24-032022-008-original/2024,CA
A/cattle/CA/24-032022-007-original/2024,CA
A/cattle/CA/24-032022-006-original/2024,CA
A/cattle/CA/24-032022-005-original/2024,CA
A/cattle/CA/24-032022-004-original/2024,CA
A/cattle/CA/24-032022-003-original/2024,CA
A/cattle/CA/24-032022-001-original/2024,CA
A/cattle/CA/24-032013-003-original/2024,CA
A/cattle/CA/24-032013-002-original/2024,CA
A/cattle/CA/24-032013-001-original/2024,CA
SRR31347770,-
SRR31347771,-
SRR31347772,-
A/cattle/CA/24-031959-001-original/2024,CA
A/cattle/CA/24-031957-001-original/2024,CA
A/cattle/CA/24-031932-007-original/2024,CA
SRR31347812,-
A/cattle/CA/24-032283-001-original/2024,CA
SRR31347814,-
SRR31347815,-
SRR31597279,-
SRR31597280,-
SRR31597281,-
SRR31597293,-
A/cattle/CA/24-032675-001-original/2024,CA
SRR31597295,-
SRR31597296,-
A/cattle/CA/24-032668-001-original/2024,CA
A/cattle/CA/24-032658-002-original/2024,CA
A/cattle/CA/24-032658-001-original/2024,CA
SRR31597300,-
SRR31597301,-
SRR31597302,-
SRR31597304,-
SRR31597305,-
A/cattle/CA/24-032644-002-original/2024,CA
A/cattle/CA/24-032644-001-original/2024,CA
A/cattle/CA/24-032641-001-original/2024,CA
A/cattle/CA/24-032639-001-original/2024,CA
SRR31596933,-
SRR31596934,-
SRR31596935,-
SRR31596936,-
SRR31596938,-
SRR31596939,-
SRR31596940,-
SRR31596941,-
SRR31596942,-
A/cattle/CA/24-032632-002-original/2024,CA
A/cattle/CA/24-032632-001-original/2024,CA
SRR31596945,-
SRR31596946,-
A/cattle/CA/24-032424-010-original/2024,CA
A/cattle/CA/24-032424-009-original/2024,CA
SRR31596950,-
A/cattle/CA/24-032424-006-original/2024,CA
SRR31596952,-
A/cattle/CA/24-032424-002-original/2024,CA
SRR31596954,-
SRR31597011,-
A/cattle/CA/24-032627-001-original/2024,CA
A/cattle/CA/24-032626-001-original/2024,CA
SRR31597015,-
SRR31597016,-
SRR31597017,-
SRR31597018,-
SRR31597019,-
SRR31597020,-
SRR31597021,-
SRR31597022,-
SRR31597024,-
SRR31597025,-
A/cattle/CA/24-032622-002-original/2024,CA
A/cattle/CA/24-032622-001-original/2024,CA
A/cattle/CA/24-032621-002-original/2024,CA
A/cattle/CA/24-032620-002-original/2024,CA
A/cattle/CA/24-032620-001-original/2024,CA
SRR31597031,-
SRR31597032,-
SRR31597033,-
SRR31597035,-
SRR31597036,-
SRR31597037,-
SRR31597038,-
A/cattle/CA/24-032426-001-original/2024,CA
A/cattle/CA/24-032425-001-original/2024,CA
A/cattle/CA/24-032424-012-original/2024,CA
A/cattle/CA/24-032424-011-original/2024,CA
SRR31597075,-
SRR31597076,-
SRR31597077,-
SRR31597078,-
SRR31597079,-
SRR31597080,-
SRR31597081,-
SRR31597082,-
SRR31597084,-
SRR31597085,-
SRR31597086,-
SRR31597087,-
SRR31597088,-
SRR31597089,-
SRR31597090,-
SRR31597091,-
SRR31597092,-
SRR31597093,-
SRR31597095,-
SRR31597096,-
SRR31597097,-
SRR31597098,-
SRR31597099,-
SRR31597100,-
SRR31597101,-
SRR31597102,-
SRR31597103,-
SRR31597104,-
SRR31597106,-
A/cattle/CA/24-033002-001-original/2024,CA
SRR31597108,-
SRR31597109,-
SRR31597110,-
SRR31597111,-
A/cattle/CA/24-033000-003-original/2024,CA
A/cattle/CA/24-033000-002-original/2024,CA
A/cattle/CA/24-033000-001-original/2024,CA
SRR31597115,-
SRR31597117,-
SRR31597118,-
A/cattle/CA/24-032998-002-original/2024,CA
A/cattle/CA/24-032998-001-original/2024,CA
SRR31597121,-
SRR31597122,-
SRR31597123,-
SRR31597124,-
A/cattle/CA/24-032778-002-original/2024,CA
A/cattle/CA/24-032778-001-original/2024,CA
A/cattle/CA/24-032777-002-original/2024,CA
A/cattle/CA/24-032776-001-original/2024,CA
A/cattle/CA/24-032775-002-original/2024,CA
A/cattle/CA/24-032775-001-original/2024,CA
SRR31597134,-
SRR31597135,-
SRR31597136,-
SRR31597137,-
SRR31597187,-
SRR31597188,-
SRR31597190,-
SRR31597191,-
SRR31597192,-
SRR31597193,-
SRR31597194,-
SRR31597195,-
SRR31597196,-
SRR31597197,-
SRR31597198,-
SRR31597199,-
SRR31597201,-
SRR31597202,-
A/cattle/CA/24-033681-002-original/2024,CA
SRR31605057,-
A/cattle/CA/24-033530-003-original/2024,CA
SRR31605059,-
SRR31605060,-
A/cattle/CA/24-033520-001-original/2024,CA
SRR31605062,-
SRR31605063,-
SRR31605064,-
SRR31605065,-
SRR31605066,-
SRR31605067,-
SRR31605068,-
SRR31605069,-
SRR31605070,-
SRR31605071,-
SRR31605072,-
A/cattle/CA/24-035015-003-original/2024,CA
A/cattle/CA/24-035015-002-original/2024,CA
A/cattle/CA/24-035015-001-original/2024,CA
SRR31605076,-
A/cattle/CA/24-033484-003-original/2024,CA
A/cattle/CA/24-033484-002-original/2024,CA
A/cattle/CA/24-030026-001-original-repeat2/2024,CA
A/cattle/CA/24-033484-001-original/2024,CA
SRR31605081,-
SRR31605082,-
A/cattle/CA/24-033482-002-original/2024,CA
A/cattle/CA/24-033482-001-original/2024,CA
SRR31605085,-
A/cattle/CA/24-033477-003-original/2024,CA
A/cattle/CA/24-033477-002-original/2024,CA
A/cattle/CA/24-033477-001-original/2024,CA
SRR31605089,-
A/cattle/CA/24-029182-001-original-repeat2/2024,CA
SRR31605092,-
SRR31605093,-
SRR31605094,-
A/cattle/CA/24-035003-004-original/2024,CA
A/cattle/CA/24-035003-003-original/2024,CA
SRR31605097,-
A/cattle/CA/24-035003-002-original/2024,CA
SRR31605099,-
SRR31605100,-
A/cattle/CA/24-035012-001-original/2024,CA
A/cattle/CA/24-035011-001-original/2024,CA
SRR31605104,-
SRR31605105,-
SRR31605106,-
SRR31605107,-
SRR31605108,-
SRR31605109,-
A/cattle/CA/24-033210-001-original/2024,CA
SRR31605111,-
SRR31605112,-
SRR31605113,-
SRR31605114,-
SRR31605115,-
A/cattle/CA/24-033995-003-original/2024,CA
A/cattle/CA/24-033995-002-original/2024,CA
SRR31605118,-
SRR31605119,-
SRR31605120,-
A/cattle/CA/24-033209-002-original/2024,CA
A/cattle/CA/24-029180-001-original-repeat2/2024,CA
SRR31605123,-
SRR31605124,-
SRR31605125,-
SRR31605126,-
SRR31605127,-
SRR31605128,-
A/cattle/CA/24-034002-002-original/2024,CA
A/cattle/CA/24-034002-001-original/2024,CA
SRR31605131,-
SRR31605132,-
SRR31605133,-
SRR31605134,-
A/cattle/CA/24-033999-001-original/2024,CA
A/cattle/CA/24-033998-002-original/2024,CA
SRR31605137,-
SRR31605138,-
A/cattle/CA/24-033984-002-original/2024,CA
A/cattle/CA/24-033995-001-original/2024,CA
SRR31605141,-
SRR31605142,-
SRR31605143,-
SRR31605144,-
SRR31605145,-
SRR31605146,-
SRR31605147,-
SRR31605148,-
SRR31605149,-
SRR31605150,-
SRR31605151,-
A/cattle/CA/24-033989-002-original/2024,CA
SRR31605153,-
SRR31605154,-
SRR31605155,-
SRR31605156,-
SRR31605157,-
SRR31605158,-
A/cattle/CA/24-033866-003-original/2024,CA
A/cattle/CA/24-033866-002-original/2024,CA
A/cattle/CA/24-033984-001-original/2024,CA
SRR31605162,-
SRR31605163,-
SRR31605164,-
SRR31605165,-
SRR31605166,-
SRR31605167,-
SRR31605169,-
SRR31605170,-
SRR31605171,-
A/cattle/CA/24-034698-001-original/2024,CA
A/cattle/CA/24-034697-002-original/2024,CA
A/cattle/CA/24-034697-001-original/2024,CA
SRR31605175,-
A/cattle/CA/24-034827-002-original/2024,CA
A/cattle/CA/24-034827-001-original/2024,CA
A/cattle/CA/24-034826-003-original/2024,CA
A/cattle/CA/24-034826-002-original/2024,CA
A/cattle/CA/24-034820-001-original/2024,CA
A/cattle/UT/24-034801-001-original/2024,UT
SRR31605183,-
SRR31605186,-
SRR31605187,-
SRR31605188,-
SRR31605189,-
SRR31605191,-
SRR31605192,-
A/cattle/CA/24-034698-002-original/2024,CA
A/cattle/CA/24-034646-001-original/2024,CA
A/cattle/CA/24-034643-002-original/2024,CA
A/cattle/CA/24-034643-001-original-repeat/2024,CA
SRR31605197,-
SRR31605198,-
SRR31605199,-
SRR31605200,-
SRR31605201,-
SRR31605202,-
SRR31605204,-
SRR31605205,-
A/cattle/CA/24-034692-001-original/2024,CA
SRR31605207,-
SRR31605208,-
A/cattle/CA/24-034656-001-original/2024,CA
SRR31605210,-
A/cattle/CA/24-034653-002-original/2024,CA
A/cattle/CA/24-034653-001-original/2024,CA
SRR31605213,-
SRR31605215,-
A/cattle/CA/24-029181-001-original-repeat2/2024,CA
A/cattle/CA/24-034259-001-original/2024,CA
SRR31605223,-
A/cattle/CA/24-034427-001-original/2024,CA
A/cattle/CA/24-034426-003-original/2024,CA
SRR31605227,-
SRR31605228,-
SRR31605229,-
A/cattle/CA/24-034264-003-original/2024,CA
A/cattle/CA/24-034264-002-original/2024,CA
A/cattle/CA/24-033980-001-original/2024,CA
A/cattle/CA/24-033979-002-original/2024,CA
SRR31605234,-
A/cattle/CA/24-033977-001-original/2024,CA
A/cattle/CA/24-033976-003-original/2024,CA
A/cattle/CA/24-033976-002-original/2024,CA
A/cattle/CA/24-033976-001-original/2024,CA
SRR31605239,-
SRR31605240,-
A/cattle/CA/24-033974-002-original/2024,CA
A/cattle/CA/24-033974-001-original/2024,CA
SRR31605243,-
SRR31605244,-
SRR31605245,-
SRR31605246,-
SRR31605247,-
SRR31605249,-
SRR31605250,-
SRR31605251,-
SRR31605252,-
A/cattle/CA/24-033857-003-original/2024,CA
A/cattle/CA/24-033852-002-original/2024,CA
SRR31605255,-
SRR31605256,-
SRR31605257,-
SRR31605258,-
A/cattle/CA/24-033854-001-original/2024,CA
SRR31605260,-
A/cattle/CA/24-033855-002-original/2024,CA
A/cattle/CA/24-033855-003-original/2024,CA
A/cattle/CA/24-033856-001-original/2024,CA
SRR31605264,-
SRR31605265,-
SRR31605266,-
SRR31605267,-
A/cattle/CA/24-033522-001-original/2024,CA
SRR31605269,-
A/cattle/CA/24-031155-001-original-repeat2/2024,CA
A/cattle/CA/24-033520-004-original/2024,CA
A/cattle/CA/24-033520-003-original/2024,CA
A/cattle/CA/24-033520-002-original/2024,CA
SRR31605274,-
A/cattle/CA/24-033491-001-original/2024,CA
A/cattle/CA/24-033488-001-original/2024,CA
A/cattle/CA/24-033530-001-original/2024,CA
SRR31605278,-
SRR31605279,-
A/cattle/CA/24-033506-003-original/2024,CA
A/cattle/CA/24-033506-002-original/2024,CA
A/cattle/CA/24-031151-001-original-repeat2/2024,CA
A/cattle/CA/24-033505-003-original/2024,CA
A/cattle/CA/24-033505-002-original/2024,CA
A/cattle/CA/24-033505-001-original/2024,CA
SRR31605286,-
SRR31605287,-
SRR31605288,-
SRR31605289,-
SRR31605290,-
SRR31605291,-
A/cattle/CA/24-033496-004-original/2024,CA
SRR31605293,-
A/cattle/CA/24-033496-003-original/2024,CA
A/cattle/CA/24-033495-001-original/2024,CA
A/cattle/CA/24-034264-001-original/2024,CA
A/cattle/CA/24-034260-003-original/2024,CA
A/cattle/CA/24-034260-002-original/2024,CA
A/cattle/CA/24-034260-001-original/2024,CA
SRR31605300,-
SRR31605301,-
SRR31605303,-
A/cattle/CA/24-034246-002-original/2024,CA
A/cattle/CA/24-034246-001-original/2024,CA
A/cattle/CA/24-034245-001-original/2024,CA
A/cattle/CA/24-034415-001-original/2024,CA
A/cattle/CA/24-034244-002-original/2024,CA
A/cattle/CA/24-034244-001-original/2024,CA
A/cattle/CA/24-034237-002-original/2024,CA
A/cattle/CA/24-034237-001-original/2024,CA
SRR31605316,-
SRR31605317,-
SRR31605318,-
SRR31605319,-
SRR31605320,-
SRR31605321,-
SRR31605322,-
SRR31605324,-
SRR31605325,-
SRR31605326,-
SRR31605327,-
SRR31605328,-
A/cattle/CA/24-034230-001-original/2024,CA
A/cattle/CA/24-034229-003-original/2024,CA
SRR31605331,-
SRR31605332,-
SRR31605334,-
SRR31605335,-
SRR31605336,-
A/cattle/CA/24-034223-003-original/2024,CA
A/cattle/CA/24-034223-002-original/2024,CA
A/cattle/CA/24-034223-001-original/2024,CA
A/cattle/CA/24-034222-001-original/2024,CA
SRR31605341,-
A/cattle/CA/24-034199-002-original/2024,CA
A/cattle/CA/24-034199-001-original/2024,CA
SRR31605344,-
SRR31605345,-
SRR31605346,-
SRR31605347,-
SRR31605348,-
SRR31605349,-
SRR31605350,-
SRR31605351,-
SRR31605352,-
A/cattle/CA/24-034210-002-original/2024,CA
A/cattle/CA/24-034210-001-original/2024,CA
SRR31605355,-
A/cattle/CA/24-034208-001-original/2024,CA
A/cattle/CA/24-034204-001-original/2024,CA
SRR31605358,-
A/cattle/CA/24-034203-001-original/2024,CA
A/cattle/CA/24-033856-002-original/2024,CA
A/cattle/CA/24-033856-003-original/2024,CA
A/cattle/CA/24-033857-001-original/2024,CA
A/cattle/CA/24-033857-002-original/2024,CA
SRR31605364,-
A/cattle/CA/24-033866-001-original/2024,CA
SRR31605366,-
SRR31605367,-
A/cattle/CA/24-032196-001-original-repeat2/2024,CA
SRR31605369,-
A/cattle/CA/24-033850-001-original/2024,CA
SRR31605371,-
SRR31605372,-
A/cattle/CA/24-033852-001-original/2024,CA
A/cattle/CA/24-033689-001-original/2024,CA
SRR31605388,-
A/cattle/CA/24-029177-001-original-repeat2/2024,CA
A/cattle/CA/24-029170-001-original-repeat2/2024,CA
A/cattle/CA/24-035009-002-original/2024,CA
A/cattle/CA/24-035009-001-original/2024,CA
A/cattle/CA/24-035007-002-original/2024,CA
A/cattle/CA/24-035007-001-original/2024,CA
SRR31604995,-
SRR31604996,-
SRR31604997,-
SRR31604998,-
SRR31604999,-
SRR31605000,-
A/cattle/CA/24-035004-002-original/2024,CA
A/cattle/CA/24-035004-001-original/2024,CA
A/cattle/CA/24-035003-005-original/2024,CA
SRR31605005,-
SRR31605006,-
SRR31605007,-
A/cattle/CA/24-035003-001-original/2024,CA
A/cattle/CA/24-035001-001-original/2024,CA
SRR31605010,-
SRR31605011,-
A/cattle/CA/24-034994-001-original/2024,CA
A/cattle/CA/24-034954-001-original/2024,CA
A/cattle/CA/24-034953-001-original/2024,CA
SRR31605016,-
SRR31605017,-
SRR31605018,-
A/cattle/CA/24-034949-001-original/2024,CA
SRR31605020,-
SRR31605021,-
SRR31605022,-
A/cattle/CA/24-034202-001-original/2024,CA
SRR31605024,-
SRR31605025,-
SRR31605026,-
SRR31605027,-
SRR31605028,-
SRR31605029,-
A/cattle/CA/24-034197-001-original/2024,CA
SRR31605031,-
SRR31605032,-
SRR31605033,-
SRR31605034,-
SRR31605035,-
SRR31605036,-
SRR31605037,-
SRR31605038,-
A/cattle/CA/24-034026-001-original/2024,CA
A/cattle/CA/24-034025-002-original/2024,CA
A/cattle/CA/24-033217-003-original/2024,CA
A/cattle/CA/24-034024-001-original/2024,CA
A/cattle/CA/24-034023-001-original/2024,CA
SRR31605044,-
SRR31605045,-
SRR31605046,-
SRR31605047,-
SRR31605048,-
SRR31605049,-
A/cattle/CA/24-033217-001-original/2024,CA
SRR31605051,-
A/cattle/CA/24-034013-002-original/2024,CA
A/cattle/CA/24-034013-001-original/2024,CA
SRR31605054,-
SRR31605055,-
A/cattle/CA/24-037218-004-original/2024,CA
A/cattle/CA/24-037218-003-original/2024,CA
A/cattle/CA/24-037218-002-original/2024,CA
A/cattle/CA/24-036368-001-original/2024,CA
A/cattle/CA/24-036366-002-original/2024,CA
A/cattle/CA/24-036364-001-original/2024,CA
A/cattle/CA/24-036769-002-original/2024,CA
A/cattle/CA/24-036769-001-original/2024,CA
A/cattle/CA/24-036358-001-original/2024,CA
A/cattle/CA/24-036768-002-original/2024,CA
A/cattle/CA/24-036768-001-original/2024,CA
A/cattle/CA/24-036767-002-original/2024,CA
A/cattle/CA/24-036767-001-original/2024,CA
A/cattle/CA/24-036766-003-original/2024,CA
A/cattle/CA/24-036766-001-original/2024,CA
A/cattle/CA/24-036765-003-original/2024,CA
A/cattle/CA/24-036765-002-original/2024,CA
A/cattle/CA/24-036763-003-original/2024,CA
A/cattle/CA/24-036763-002-original/2024,CA
A/cattle/CA/24-036357-003-original/2024,CA
A/cattle/CA/24-036763-001-original/2024,CA
A/cattle/CA/24-036760-002-original/2024,CA
A/cattle/CA/24-036759-002-original/2024,CA
A/cattle/CA/24-036759-001-original/2024,CA
A/cattle/CA/24-036757-003-original/2024,CA
A/cattle/CA/24-036357-002-original/2024,CA
A/cattle/CA/24-036640-003-original/2024,CA
A/cattle/CA/24-036640-002-original/2024,CA
A/cattle/CA/24-036413-003-original/2024,CA
A/cattle/CA/24-036413-002-original/2024,CA
A/cattle/CA/24-036412-001-original/2024,CA
A/cattle/CA/24-036411-004-original/2024,CA
A/cattle/CA/24-036411-003-original/2024,CA
A/cattle/CA/24-036411-002-original/2024,CA
A/cattle/CA/24-036411-001-original/2024,CA
A/cattle/CA/24-036409-001-original/2024,CA
A/cattle/CA/24-036408-001-original/2024,CA
A/cattle/CA/24-036407-001-original/2024,CA
A/cattle/CA/24-036350-001-original/2024,CA
A/cattle/CA/24-036405-004-original/2024,CA
A/cattle/CA/24-036405-003-original/2024,CA
A/cattle/CA/24-036405-002-original/2024,CA
A/cattle/CA/24-036405-001-original/2024,CA
A/cattle/CA/24-036403-004-original/2024,CA
A/cattle/CA/24-036403-003-original/2024,CA
A/cattle/CA/24-036403-002-original/2024,CA
A/cattle/CA/24-036403-001-original/2024,CA
A/cattle/CA/24-036402-001-original/2024,CA
A/cattle/CA/24-036401-002-original/2024,CA
A/cattle/CA/24-036349-001-original/2024,CA
A/cattle/CA/24-036400-001-original/2024,CA
A/cattle/CA/24-036399-001-original/2024,CA
A/cattle/CA/24-036398-002-original/2024,CA
A/cattle/CA/24-036398-001-original/2024,CA
A/cattle/CA/24-036397-002-original/2024,CA
A/cattle/CA/24-036397-001-original/2024,CA
A/cattle/TX/24-037225-037-original/2024,TX
A/cattle/TX/24-037225-036-original/2024,TX
A/cattle/TX/24-037225-035-original/2024,TX
A/cattle/TX/24-037225-034-original/2024,TX
A/cattle/TX/24-037225-033-original/2024,TX
A/cattle/CA/24-036371-001-original/2024,CA
A/cattle/TX/24-037225-032-original/2024,TX
A/cattle/TX/24-037225-031-original/2024,TX
A/cattle/TX/24-037225-030-original/2024,TX
A/cattle/TX/24-037225-029-original/2024,TX
A/cattle/TX/24-037225-028-original/2024,TX
A/cattle/TX/24-037225-027-original/2024,TX
A/cattle/TX/24-037225-026-original/2024,TX
A/cattle/TX/24-037225-025-original/2024,TX
A/cattle/TX/24-037225-024-original/2024,TX
A/cattle/TX/24-037225-022-original/2024,TX
A/cattle/CA/24-036369-002-original/2024,CA
A/cattle/CA/24-036325-001-original/2024,CA
A/cattle/TX/24-037225-021-original/2024,TX
A/cattle/TX/24-037225-020-original/2024,TX
A/cattle/TX/24-037225-018-original/2024,TX
A/cattle/TX/24-037225-015-original/2024,TX
A/cattle/TX/24-037225-012-original/2024,TX
A/cattle/TX/24-037225-011-original/2024,TX
A/cattle/TX/24-037225-010-original/2024,TX
A/cattle/TX/24-037225-009-original/2024,TX
A/cattle/TX/24-037225-008-original/2024,TX
A/cattle/TX/24-037225-006-original/2024,TX
A/cattle/CA/24-036369-001-original/2024,CA
A/cattle/TX/24-037225-005-original/2024,TX
A/cattle/TX/24-037225-004-original/2024,TX
A/cattle/TX/24-037225-003-original/2024,TX
A/cattle/CA/24-037195-001-original/2024,CA
A/cattle/CA/24-037194-001-original/2024,CA
A/cattle/CA/24-037193-001-original/2024,CA
A/cattle/CA/24-037192-001-original/2024,CA
A/cattle/CA/24-037190-006-original/2024,CA
A/cattle/CA/24-037190-005-original/2024,CA
A/cattle/CA/24-037190-002-original/2024,CA
A/cattle/CA/24-037190-001-original/2024,CA
A/cattle/CA/24-037188-004-original/2024,CA
A/cattle/CA/24-037188-003-original/2024,CA
A/cattle/CA/24-036359-006-original/2024,CA
A/cattle/CA/24-037188-002-original/2024,CA
A/cattle/CA/24-037188-001-original/2024,CA
A/cattle/CA/24-037179-002-original/2024,CA
A/cattle/CA/24-037179-001-original/2024,CA
A/cattle/CA/24-037177-002-original/2024,CA
A/cattle/CA/24-037177-001-original/2024,CA
A/cattle/CA/24-037176-001-original/2024,CA
A/cattle/CA/24-037175-004-original/2024,CA
A/cattle/CA/24-037175-003-original/2024,CA
A/cattle/CA/24-037175-002-original/2024,CA
A/cattle/CA/24-036359-005-original/2024,CA
A/cattle/CA/24-037175-001-original/2024,CA
A/cattle/CA/24-037173-001-original/2024,CA
A/cattle/CA/24-037172-002-original/2024,CA
A/cattle/CA/24-037172-001-original/2024,CA
A/cattle/CA/24-037168-007-original/2024,CA
A/cattle/CA/24-037168-006-original/2024,CA
A/cattle/CA/24-037168-005-original/2024,CA
A/cattle/CA/24-037168-004-original/2024,CA
A/cattle/CA/24-037168-003-original/2024,CA
A/cattle/CA/24-036579-001-original/2024,CA
A/cattle/CA/24-036577-001-original/2024,CA
A/cattle/CA/24-036576-001-original/2024,CA
A/cattle/CA/24-036572-001-original/2024,CA
A/cattle/CA/24-036571-002-original/2024,CA
A/cattle/CA/24-036355-001-original/2024,CA
A/cattle/CA/24-036570-001-original/2024,CA
A/cattle/CA/24-036569-001-original/2024,CA
A/cattle/CA/24-036568-004-original/2024,CA
A/cattle/CA/24-036568-003-original/2024,CA
A/cattle/CA/24-036568-002-original/2024,CA
A/cattle/CA/24-036568-001-original/2024,CA
A/cattle/CA/24-036567-004-original/2024,CA
A/cattle/CA/24-036567-003-original/2024,CA
A/cattle/CA/24-036567-002-original/2024,CA
A/cattle/CA/24-036567-001-original/2024,CA
A/cattle/CA/24-036354-002-original/2024,CA
A/cattle/CA/24-036566-001-original/2024,CA
A/cattle/CA/24-036564-001-original/2024,CA
A/cattle/CA/24-036563-008-original/2024,CA
A/cattle/CA/24-036563-006-original/2024,CA
A/cattle/CA/24-036563-004-original/2024,CA
A/cattle/CA/24-036563-003-original/2024,CA
A/cattle/CA/24-036563-002-original/2024,CA
A/cattle/CA/24-036563-001-original/2024,CA
A/cattle/CA/24-036562-002-original/2024,CA
A/cattle/CA/24-036562-001-original/2024,CA
A/cattle/CA/24-036354-001-original/2024,CA
A/cattle/CA/24-036561-001-original/2024,CA
A/cattle/CA/24-036559-003-original/2024,CA
A/cattle/CA/24-036559-002-original/2024,CA
A/cattle/CA/24-036559-001-original/2024,CA
A/cattle/CA/24-036396-003-original/2024,CA
A/cattle/CA/24-036396-002-original/2024,CA
A/cattle/CA/24-036396-001-original/2024,CA
A/cattle/CA/24-036395-005-original/2024,CA
A/cattle/UT/24-036342-001-original/2024,UT
A/cattle/CA/24-036395-004-original/2024,CA
A/cattle/CA/24-036395-003-original/2024,CA
A/cattle/CA/24-036395-002-original/2024,CA
A/cattle/CA/24-036395-001-original/2024,CA
A/cattle/CA/24-036394-002-original/2024,CA
A/cattle/CA/24-036394-001-original/2024,CA
A/cattle/CA/24-036392-002-original/2024,CA
A/cattle/CA/24-036391-002-original/2024,CA
A/cattle/CA/24-036391-001-original/2024,CA
A/cattle/CA/24-036390-001-original/2024,CA
A/cattle/CA/24-036327-001-original/2024,CA
A/cattle/CA/24-036389-003-original/2024,CA
SRR31820890,-
SRR31820891,-
A/cattle/CA/24-036386-001-original/2024,CA
A/cattle/CA/24-036385-003-original/2024,CA
A/cattle/CA/24-036385-002-original/2024,CA
A/cattle/CA/24-036384-001-original-repeat2/2024,CA
A/cattle/CA/24-036378-001-original/2024,CA
A/cattle/CA/24-036377-002-original/2024,CA
A/cattle/CA/24-036377-001-original/2024,CA
A/cattle/CA/24-036376-001-original/2024,CA
A/cattle/CA/24-036375-003-original/2024,CA
A/cattle/CA/24-036375-001-original/2024,CA
A/cattle/CA/24-036373-001-original/2024,CA
A/cattle/CA/24-036372-001-original/2024,CA
A/cattle/TX/24-037225-002-original/2024,TX
A/cattle/TX/24-037225-001-original/2024,TX
A/cattle/CA/24-036368-004-original/2024,CA
A/cattle/CA/24-036368-003-original/2024,CA
A/cattle/CA/24-036368-002-original/2024,CA
A/cattle/CA/24-037168-002-original/2024,CA
A/cattle/CA/24-036359-004-original/2024,CA
A/cattle/CA/24-037168-001-original/2024,CA
A/cattle/CA/24-037166-001-original/2024,CA
A/cattle/CA/24-037165-001-original/2024,CA
A/cattle/CA/24-037164-002-original/2024,CA
A/cattle/CA/24-037164-001-original/2024,CA
A/cattle/CA/24-037162-001-original/2024,CA
A/cattle/CA/24-037057-001-original/2024,CA
A/cattle/CA/24-037050-003-original/2024,CA
A/cattle/CA/24-037050-002-original/2024,CA
A/cattle/CA/24-037050-001-original/2024,CA
A/cattle/CA/24-036359-003-original/2024,CA
A/cattle/CA/24-037049-001-original/2024,CA
A/cattle/CA/24-037034-001-original/2024,CA
A/cattle/CA/24-037024-001-original/2024,CA
A/cattle/CA/24-037018-003-original/2024,CA
A/cattle/CA/24-037018-002-original/2024,CA
A/cattle/CA/24-037018-001-original/2024,CA
A/cattle/CA/24-036819-003-original/2024,CA
A/cattle/CA/24-036817-001-original/2024,CA
A/cattle/CA/24-036359-002-original/2024,CA
A/cattle/CA/24-036816-001-original/2024,CA
A/cattle/CA/24-036774-002-original/2024,CA
A/cattle/CA/24-036774-001-original/2024,CA
A/cattle/CA/24-036771-001-original/2024,CA
A/cattle/CA/24-036770-003-original/2024,CA
A/cattle/CA/24-036770-002-original/2024,CA
A/cattle/CA/24-036770-001-original/2024,CA
A/cattle/CA/24-036769-003-original/2024,CA
A/cattle/CA/24-036553-006-original/2024,CA
A/cattle/CA/24-036553-005-original/2024,CA
A/cattle/CA/24-036553-004-original/2024,CA
A/cattle/CA/24-036553-003-original/2024,CA
A/cattle/CA/24-036553-002-original/2024,CA
A/cattle/CA/24-036553-001-original/2024,CA
A/cattle/CA/24-036353-003-original/2024,CA
SRR31820976,-
A/cattle/CA/24-036550-004-original/2024,CA
A/cattle/CA/24-036550-003-original/2024,CA
A/cattle/CA/24-036550-002-original/2024,CA
A/cattle/CA/24-036549-002-original/2024,CA
A/cattle/CA/24-036549-001-original/2024,CA
A/cattle/CA/24-036548-001-original/2024,CA
A/cattle/CA/24-036546-001-original/2024,CA
A/cattle/CA/24-036545-006-original/2024,CA
A/cattle/CA/24-036545-005-original/2024,CA
A/cattle/CA/24-036353-001-original/2024,CA
A/cattle/CA/24-036545-004-original/2024,CA
A/cattle/CA/24-036545-003-original/2024,CA
A/cattle/CA/24-036544-001-original/2024,CA
A/cattle/CA/24-036542-007-original/2024,CA
A/cattle/CA/24-036542-006-original/2024,CA
A/cattle/CA/24-036542-005-original/2024,CA
A/cattle/CA/24-036542-004-original/2024,CA
A/cattle/CA/24-036542-003-original/2024,CA
A/cattle/CA/24-036542-002-original/2024,CA
A/cattle/CA/24-036542-001-original/2024,CA
A/cattle/CA/24-036352-002-original/2024,CA
A/cattle/CA/24-036541-001-original/2024,CA
A/cattle/CA/24-036540-002-original/2024,CA
A/cattle/CA/24-036540-001-original/2024,CA
A/cattle/CA/24-037320-001-original/2024,CA
A/cattle/CA/24-036371-004-original/2024,CA
A/cattle/TX/24-037225-061-original/2024,TX
A/cattle/TX/24-037225-060-original/2024,TX
A/cattle/TX/24-037225-059-original/2024,TX
A/cattle/TX/24-037225-058-original/2024,TX
A/cattle/TX/24-037225-057-original/2024,TX
A/cattle/TX/24-037225-056-original/2024,TX
A/cattle/TX/24-037225-055-original/2024,TX
A/cattle/TX/24-037225-054-original/2024,TX
A/cattle/CA/24-036371-003-original/2024,CA
A/cattle/TX/24-037225-053-original/2024,TX
A/cattle/TX/24-037225-052-original/2024,TX
A/cattle/TX/24-037225-050-original/2024,TX
A/cattle/TX/24-037225-049-original/2024,TX
A/cattle/TX/24-037225-048-original/2024,TX
A/cattle/TX/24-037225-047-original/2024,TX
A/cattle/TX/24-037225-046-original/2024,TX
A/cattle/TX/24-037225-045-original/2024,TX
A/cattle/TX/24-037225-044-original/2024,TX
A/cattle/TX/24-037225-043-original/2024,TX
A/cattle/CA/24-036371-002-original/2024,CA
A/cattle/TX/24-037225-042-original/2024,TX
A/cattle/TX/24-037225-041-original/2024,TX
A/cattle/TX/24-037225-040-original/2024,TX
A/cattle/TX/24-037225-039-original/2024,TX
A/cattle/TX/24-037225-038-original/2024,TX
A/cattle/CA/24-037216-002-original/2024,CA
A/cattle/CA/24-036363-002-original/2024,CA
A/cattle/CA/24-037216-001-original/2024,CA
A/cattle/CA/24-037215-003-original/2024,CA
A/cattle/CA/24-037215-002-original/2024,CA
A/cattle/CA/24-037215-001-original/2024,CA
A/cattle/CA/24-037211-001-original/2024,CA
A/cattle/CA/24-037209-001-original/2024,CA
A/cattle/CA/24-037208-001-original/2024,CA
A/cattle/CA/24-037207-002-original/2024,CA
A/cattle/CA/24-037207-001-original/2024,CA
A/cattle/CA/24-037206-001-original/2024,CA
A/cattle/CA/24-036363-001-original/2024,CA
A/cattle/CA/24-037204-001-original/2024,CA
A/cattle/CA/24-037202-006-original/2024,CA
A/cattle/CA/24-037202-005-original/2024,CA
A/cattle/CA/24-037202-004-original/2024,CA
A/cattle/CA/24-037202-003-original/2024,CA
A/cattle/CA/24-037202-002-original/2024,CA
SRR31821060,-
SRR31821061,-
SRR31821062,-
SRR31821063,-
A/cattle/CA/24-036360-002-original/2024,CA
A/cattle/CA/24-036640-001-original/2024,CA
A/cattle/CA/24-036638-003-original/2024,CA
A/cattle/CA/24-036638-002-original/2024,CA
A/cattle/CA/24-036357-001-original/2024,CA
A/cattle/CA/24-036638-001-original/2024,CA
A/cattle/CA/24-036635-007-original/2024,CA
A/cattle/CA/24-036635-004-original/2024,CA
A/cattle/CA/24-036635-003-original/2024,CA
A/cattle/CA/24-036635-002-original/2024,CA
A/cattle/CA/24-036632-001-original/2024,CA
A/cattle/CA/24-036593-002-original/2024,CA
A/cattle/CA/24-036356-002-original/2024,CA
A/cattle/CA/24-036593-001-original/2024,CA
A/cattle/CA/24-036589-001-original/2024,CA
A/cattle/CA/24-036588-002-original/2024,CA
A/cattle/CA/24-036588-001-original/2024,CA
A/cattle/CA/24-036587-001-original/2024,CA
A/cattle/CA/24-036586-001-original/2024,CA
A/cattle/CA/24-036581-007-original/2024,CA
A/cattle/CA/24-036581-006-original/2024,CA
A/cattle/CA/24-036581-004-original/2024,CA
A/cattle/CA/24-036581-003-original/2024,CA
A/cattle/CA/24-036356-001-original/2024,CA
A/cattle/CA/24-036581-002-original/2024,CA
A/cattle/CA/24-036579-005-original/2024,CA
A/cattle/CA/24-036579-004-original/2024,CA
A/cattle/CA/24-036579-003-original/2024,CA
A/cattle/CA/24-036579-002-original/2024,CA
A/cattle/CA/24-036538-002-original/2024,CA
A/cattle/CA/24-036538-001-original/2024,CA
A/cattle/CA/24-036537-003-original/2024,CA
A/cattle/CA/24-036537-002-original/2024,CA
A/cattle/CA/24-036536-002-original/2024,CA
A/cattle/CA/24-036536-001-original/2024,CA
A/cattle/CA/24-036535-003-original/2024,CA
A/cattle/CA/24-036352-001-original/2024,CA
A/cattle/CA/24-036535-001-original/2024,CA
A/cattle/CA/24-036533-001-original/2024,CA
A/cattle/CA/24-036532-001-original/2024,CA
A/cattle/CA/24-036531-001-original/2024,CA
A/cattle/CA/24-036522-001-original/2024,CA
A/cattle/CA/24-036521-001-original/2024,CA
A/cattle/CA/24-036520-001-original/2024,CA
A/cattle/CA/24-036494-001-original/2024,CA
A/cattle/CA/24-036426-002-original/2024,CA
A/cattle/CA/24-036426-001-original/2024,CA
A/cattle/CA/24-036351-001-original/2024,CA
A/cattle/CA/24-036424-001-original/2024,CA
A/cattle/CA/24-036423-002-original/2024,CA
A/cattle/CA/24-036422-001-original/2024,CA
A/cattle/CA/24-036421-001-original/2024,CA
A/cattle/CA/24-036420-001-original/2024,CA
A/cattle/CA/24-036418-001-original/2024,CA
A/cattle/CA/24-036417-001-original/2024,CA
A/cattle/CA/24-036416-002-original/2024,CA
A/cattle/CA/24-036416-001-original/2024,CA
A/cattle/CA/24-036415-001-original/2024,CA
A/cattle/CA/24-036350-002-original/2024,CA
A/cattle/CA/24-035196-003-original-repeat3/2024,CA
A/cattle/CA/24-034953-002-original-repeat3/2024,CA
SRR31885814,-
SRR31885820,-
SRR31885821,-
SRR31885822,-
SRR31885823,-
SRR31885824,-
A/cattle/CA/24-037045-004-original/2024,CA
SRR31885826,-
SRR31885827,-
SRR31885828,-
SRR31885829,-
SRR31885830,-
SRR31885831,-
SRR31885832,-
A/cattle/CA/24-037821-002-original/2024,CA
SRR31885834,-
SRR31885835,-
A/cattle/CA/24-037045-003-original/2024,CA
SRR31885840,-
SRR31885841,-
SRR31885842,-
SRR31885843,-
SRR31885844,-
SRR31885845,-
SRR31885846,-
A/cattle/CA/24-037045-002-original/2024,CA
SRR31885848,-
SRR31885849,-
SRR31885850,-
SRR31885851,-
SRR31885852,-
SRR31885853,-
SRR31885854,-
SRR31885855,-
A/cattle/CA/24-037556-001-original/2024,CA
SRR31885857,-
SRR31885858,-
SRR31885859,-
SRR31885863,-
SRR31885864,-
SRR31885868,-
SRR31885869,-
A/cattle/CA/24-038123-005-original/2024,CA
A/cattle/CA/24-038123-004-original/2024,CA
A/cattle/CA/24-038123-003-original/2024,CA
A/cattle/CA/24-038123-002-original/2024,CA
A/cattle/CA/24-038123-001-original/2024,CA
SRR31885887,-
SRR31885893,-
SRR31885894,-
SRR31885895,-
SRR31885896,-
SRR31885897,-
SRR31885898,-
SRR31885899,-
SRR31885900,-
SRR31885901,-
SRR31885902,-
SRR31885903,-
SRR31885904,-
SRR31885905,-
SRR31885906,-
SRR31885907,-
SRR31885910,-
A/cattle/CA/24-038145-003-original/2024,CA
A/cattle/CA/24-038145-002-original/2024,CA
SRR31885913,-
A/cattle/CA/24-038123-007-original/2024,CA
SRR31885915,-
SRR31885916,-
A/cattle/CA/24-037019-004-original/2024,CA
A/cattle/CA/24-034999-001-original/2024,CA
SRR31914560,-
SRR31914561,-
SRR31914562,-
SRR31914563,-
SRR31914564,-
A/cattle/CA/24-035200-002-original/2024,CA
A/cattle/CA/24-035200-001-original/2024,CA
SRR31914567,-
A/cattle/CA/24-035108-001-original/2024,CA
SRR31914569,-
SRR31914570,-
SRR31914571,-
A/cattle/CA/24-034839-001-original-repeat2/2024,CA
A/cattle/CA/24-034838-001-original-repeat2/2024,CA
SRR31914574,-
SRR31914575,-
SRR31914576,-
SRR31914577,-
SRR31914578,-
SRR31914579,-
SRR31914580,-
A/cattle/CA/24-034829-001-original-repeat2/2024,CA
SRR31914582,-
A/cattle/CA/24-034817-002-original-repeat2/2024,CA
SRR31914584,-
SRR31914585,-
A/cattle/CA/24-034815-002-original-repeat2/2024,CA
A/cattle/CA/24-034815-001-original-repeat2/2024,CA
SRR31914588,-
SRR31914589,-
SRR31914594,-
SRR31914595,-
A/cattle/CA/24-034968-001-original/2024,CA
SRR31914597,-
SRR31914598,-
SRR31914599,-
SRR31914600,-
SRR31914601,-
SRR31914602,-
SRR31914603,-
SRR31914604,-
SRR31914605,-
SRR31914606,-
A/cattle/CA/24-034947-002-original/2024,CA
A/cattle/CA/24-035205-001-original/2024,CA
A/cattle/CA/24-035203-001-original/2024,CA
SRR31914610,-
SRR31914611,-
SRR31914612,-
SRR31914613,-
SRR31914614,-
SRR31914615,-
SRR31914616,-
SRR31914617,-
A/cattle/CA/24-034947-001-original/2024,CA
SRR31914619,-
SRR31914620,-
SRR31914621,-
SRR31914622,-
SRR31914623,-
SRR31914624,-
SRR31914625,-
SRR31914626,-
A/cattle/CA/24-035196-005-original/2024,CA
A/cattle/CA/24-035196-002-original/2024,CA
A/cattle/CA/24-034937-001-original/2024,CA
A/cattle/CA/24-035196-001-original/2024,CA
A/cattle/CA/24-035194-001-original/2024,CA
SRR31914632,-
SRR31914633,-
SRR31914634,-
A/cattle/CA/24-035017-002-original/2024,CA
A/cattle/CA/24-035017-001-original/2024,CA
SRR31914637,-
SRR31914639,-
SRR31914640,-
SRR31914641,-
SRR31914642,-
SRR31914643,-
SRR31914644,-
SRR31914645,-
SRR31914655,-
SRR31914656,-
A/cattle/CA/24-035004-003-original/2024,CA
SRR31960108,-
SRR31960109,-
SRR31960111,-
SRR31960112,-
SRR31960113,-
SRR31960114,-
SRR31960115,-
SRR31960116,-
SRR31960117,-
SRR31960118,-
SRR31960119,-
SRR31960120,-
SRR31960122,-
A/cattle/CA/24-038463-001-original/2024,CA
SRR31960124,-
SRR31960125,-
SRR31960130,-
SRR31960131,-
A/cattle/CA/24-035855-001-original-repeat2/2024,CA
A/cattle/CA/24-035846-001-original-repeat2/2024,CA
A/cattle/CA/24-035829-001-original-repeat2/2024,CA
SRR31960143,-
SRR31960151,-
SRR31960152,-
SRR31960153,-
A/cattle/CA/24-038276-001-original/2024,CA
SRR31960155,-
SRR31960156,-
SRR31960157,-
SRR31960158,-
SRR31960159,-
SRR31960160,-
SRR31960161,-
SRR31960162,-
SRR31960163,-
SRR31960164,-
A/cattle/CA/24-038274-001-original/2024,CA
SRR31960166,-
SRR31960167,-
SRR31960168,-
SRR31960169,-
A/cattle/CA/24-038334-002-original/2024,CA
SRR31960171,-
SRR31960172,-
SRR31960173,-
A/cattle/CA/24-038330-001-original/2024,CA
SRR31960175,-
SRR31960176,-
SRR31960177,-
SRR31960178,-
SRR31960179,-
A/cattle/CA/24-038321-003-original/2024,CA
A/cattle/CA/24-038321-002-original/2024,CA
A/cattle/CA/24-038320-004-original/2024,CA
SRR31960183,-
A/cattle/CA/24-038320-002-original/2024,CA
A/cattle/CA/24-038320-001-original/2024,CA
SRR31960186,-
SRR31960187,-
SRR31960188,-
SRR31960189,-
SRR31960190,-
SRR31960191,-
SRR31960192,-
SRR31960193,-
SRR31960194,-
SRR31960195,-
SRR31960196,-
SRR31960197,-
SRR32006785,-
SRR32006786,-
SRR32006788,-
SRR32006789,-
A/cattle/ID/25-000077-001-original/2024,ID
SRR32006791,-
SRR32006797,-
SRR32006798,-
SRR32006799,-
SRR32006800,-
SRR32006801,-
SRR32006802,-
SRR32006803,-
SRR32006804,-
SRR32006805,-
SRR32006808,-
SRR32006811,-
SRR32006812,-
SRR32006813,-
SRR32006814,-
SRR32006815,-
SRR32006816,-
SRR32006817,-
SRR32006818,-
A/cattle/CA/24-030029-001-original/2024,CA
SRR32006820,-
SRR32006823,-
SRR32006824,-
SRR32006825,-
SRR32006826,-
SRR32006827,-
A/cattle/CA/24-030027-001-original/2024,CA
A/cattle/CA/24-030025-001-original/2024,CA
SRR32125607,-
SRR32125608,-
SRR32125609,-
SRR32125612,-
SRR32125613,-
SRR32125614,-
SRR32125615,-
A/cattle/CA/24-036000-004-original/2024,CA
A/cattle/CA/24-036000-003-original/2024,CA
A/cattle/CA/24-036000-002-original/2024,CA
SRR32125620,-
SRR32125621,-
SRR32125622,-
SRR32125623,-
SRR32125624,-
SRR32125625,-
SRR32125626,-
SRR32125627,-
SRR32125628,-
SRR32125629,-
SRR32125639,-
SRR32125648,-
SRR32125649,-
SRR32125650,-
SRR32125651,-
SRR32125652,-
SRR32125653,-
SRR32125654,-
SRR32125655,-
SRR32125656,-
SRR32125657,-
SRR32125658,-
SRR32125659,-
SRR32125660,-
SRR32125661,-
A/cattle/CA/24-035658-001-original/2024,CA
SRR32125663,-
SRR32125664,-
SRR32125665,-
SRR32125669,-
SRR32125670,-
SRR32125671,-
SRR32125672,-
SRR32125673,-
SRR32125674,-
SRR32125675,-
SRR32125677,-
SRR32125682,-
A/cattle/CA/24-035857-001-original/2024,CA
A/cattle/CA/24-035847-001-original/2024,CA
SRR32125691,-
SRR32125692,-
SRR32125693,-
SRR32125694,-
SRR32125695,-
SRR32125696,-
SRR32125697,-
SRR32125698,-
SRR32125699,-
SRR32125700,-
SRR32125701,-
SRR32125702,-
SRR32125703,-
SRR32125704,-
SRR32125705,-
A/cattle/CA/24-035658-002-original/2024,CA
SRR32125707,-
SRR32125708,-
SRR32125709,-
SRR32125710,-
SRR32125711,-
SRR32125714,-
SRR32125715,-
SRR32125716,-
SRR32125717,-
SRR32125718,-
SRR32125720,-
SRR32125721,-
SRR32125722,-
SRR32125723,-
SRR32125724,-
SRR32125725,-
SRR32125726,-
SRR32125727,-
SRR32125728,-
SRR32125729,-
SRR32125731,-
SRR32125732,-
SRR32125733,-
SRR32125734,-
SRR32125735,-
SRR32125736,-
SRR32125737,-
SRR32125738,-
SRR32125739,-
SRR32125740,-
SRR32223104,-
SRR32223105,-
SRR32223106,-
SRR32223107,-
SRR32223108,-
SRR32223109,-
SRR32223110,-
SRR32223111,-
SRR32223112,-
SRR32223113,-
SRR32223114,-
SRR32223115,-
SRR32223116,-
SRR32223117,-
SRR32223118,-
SRR32223119,-
SRR32223120,-
SRR32223121,-
SRR32223122,-
SRR32223123,-
SRR32223124,-
SRR32223125,-
SRR32223126,-
SRR32223127,-
SRR32223128,-
SRR32223129,-
SRR32223130,-
SRR32223131,-
SRR32223132,-
SRR32223133,-
SRR32223134,-
SRR32223135,-
SRR32223136,-
SRR32223139,-
SRR32223142,-
SRR32223144,-
SRR32223145,-
SRR32223146,-
SRR32223147,-
SRR32223148,-
SRR32223149,-
SRR32223150,-
SRR32223151,-
SRR32223152,-
SRR32223153,-
SRR32223154,-
SRR32223155,-
SRR32223156,-
SRR32223157,-
SRR32254305,-
SRR32254306,-
SRR32254307,-
SRR32254308,-
SRR32254309,-
SRR32254310,-
SRR32254314,-
SRR32254325,-
SRR32254331,-
SRR32254332,-
SRR32254333,-
SRR32254334,-
SRR32254335,-
SRR32254336,-
SRR32254337,-
SRR32254301,-
SRR32254302,-
SRR32254303,-
SRR32254304,-
SRR32415931,-
SRR32415932,-
SRR32415933,-
SRR32415204,-
SRR32415205,-
SRR32415206,-
SRR32415207,-
SRR32415208,-
SRR32415209,-
SRR32415210,-
SRR32415211,-
SRR32415212,-
SRR32415213,-
SRR32415214,-
SRR32415215,-
SRR32415216,-
SRR32415217,-
SRR32415218,-
SRR32415219,-
SRR32415220,-
SRR32415221,-
SRR32415222,-
SRR32415223,-
SRR32415224,-
SRR32415225,-
SRR32415226,-
SRR32415227,-
SRR32415228,-
SRR32415229,-
SRR32415230,-
SRR32415231,-
SRR32415232,-
SRR32415233,-
SRR32415234,-
SRR32415235,-
SRR32415236,-
SRR32415237,-
SRR32415245,-
SRR32415256,-
SRR32415266,-
SRR32415267,-
SRR32415268,-
SRR32415269,-
SRR32415270,-
SRR32415271,-
SRR32415272,-
SRR32415273,-
SRR32415274,-
SRR32415275,-
SRR32415276,-
SRR32415277,-
SRR32415278,-
SRR32415279,-
SRR32415280,-
SRR32512914,-
SRR32512915,-
SRR32512916,-
SRR32512917,-
SRR32512918,-
SRR32512919,-
SRR32512920,-
SRR32512921,-
SRR32512922,-
SRR32512923,-
SRR32512924,-
SRR32512925,-
SRR32512926,-
SRR32512927,-
SRR32512928,-
SRR32512929,-
SRR32512930,-
SRR32512931,-
SRR32512932,-
SRR32512933,-
SRR32512934,-
SRR32512935,-
SRR32512936,-
SRR32512937,-
SRR32512938,-
SRR32512939,-
SRR32512940,-
SRR32512941,-
SRR32512942,-
SRR32512943,-
SRR32512944,-
SRR32512945,-
SRR32512946,-
SRR32512947,-
SRR32512948,-
SRR32512949,-
SRR32512950,-
SRR32512683,-
SRR32512684,-
SRR32512685,-
SRR32512686,-
